ID,Target
ID_TxqKq_24,SMALLRAIN
ID_8PP4P_12,SMALLRAIN
ID_DkPcN_12,SMALLRAIN
ID_lxUih_24,SMALLRAIN
ID_33KM9_12,SMALLRAIN
ID_P2Gne_24,SMALLRAIN
ID_b0Aw9_24,SMALLRAIN
ID_wOFim_24,SMALLRAIN
ID_KReSu_24,SMALLRAIN
ID_NbrnT_12,SMALLRAIN
ID_l386J_12,SMALLRAIN
ID_E2h6b_12,SMALLRAIN
ID_qBybw_12,SMALLRAIN
ID_3CZRT_24,SMALLRAIN
ID_iqkxS_12,SMALLRAIN
ID_tFEhQ_12,SMALLRAIN
ID_vBfwq_12,SMALLRAIN
ID_1XbJK_24,SMALLRAIN
ID_M2g5L_12,SMALLRAIN
ID_MoXGs_24,SMALLRAIN
ID_xJZbv_12,SMALLRAIN
ID_QmNGz_12,SMALLRAIN
ID_kiEIO_24,SMALLRAIN
ID_I1Ynh_24,SMALLRAIN
ID_Yk4Wz_24,SMALLRAIN
ID_FDsjo_24,SMALLRAIN
ID_Y4zq8_24,SMALLRAIN
ID_QZCRI_24,SMALLRAIN
ID_B5WG1_24,SMALLRAIN
ID_Veh5d_12,SMALLRAIN
ID_gfYKn_24,SMALLRAIN
ID_VH3o8_12,SMALLRAIN
ID_ypBb5_12,SMALLRAIN
ID_z9MTZ_12,SMALLRAIN
ID_MA3Nu_12,SMALLRAIN
ID_l51Hz_24,SMALLRAIN
ID_DZPJN_12,SMALLRAIN
ID_Is9hV_12,SMALLRAIN
ID_0G63Z_12,SMALLRAIN
ID_fPf8C_12,SMALLRAIN
ID_pnMwt_24,SMALLRAIN
ID_zQ6E9_12,SMALLRAIN
ID_duCoU_12,SMALLRAIN
ID_jFpV1_24,SMALLRAIN
ID_D56h2_12,SMALLRAIN
ID_UoYll_12,SMALLRAIN
ID_rGVjZ_24,SMALLRAIN
ID_iDjla_24,SMALLRAIN
ID_WyTQt_24,SMALLRAIN
ID_lIgIX_12,SMALLRAIN
ID_KuCZK_12,SMALLRAIN
ID_qXLy4_12,SMALLRAIN
ID_B0n3J_12,SMALLRAIN
ID_YgxWH_24,SMALLRAIN
ID_50DF5_24,SMALLRAIN
ID_OeTAb_24,SMALLRAIN
ID_hEcrx_24,SMALLRAIN
ID_TqSdd_24,SMALLRAIN
ID_0Autl_12,SMALLRAIN
ID_aB3Oe_24,SMALLRAIN
ID_1TInh_24,SMALLRAIN
ID_X2iwG_24,SMALLRAIN
ID_PO82z_12,SMALLRAIN
ID_VguId_24,SMALLRAIN
ID_zpRJ5_12,SMALLRAIN
ID_bvfLu_12,SMALLRAIN
ID_u6Ydj_12,SMALLRAIN
ID_6XGat_24,SMALLRAIN
ID_jUY9k_12,SMALLRAIN
ID_rOwUZ_24,SMALLRAIN
ID_Or5MN_24,SMALLRAIN
ID_59IvI_24,SMALLRAIN
ID_ub5QA_24,SMALLRAIN
ID_eBJe7_24,SMALLRAIN
ID_C97KN_24,SMALLRAIN
ID_Cr0uI_24,SMALLRAIN
ID_9TnXn_12,SMALLRAIN
ID_JAs1G_12,SMALLRAIN
ID_NeZ07_24,SMALLRAIN
ID_1QaSn_24,SMALLRAIN
ID_KYYQM_24,SMALLRAIN
ID_gsFZi_12,SMALLRAIN
ID_PYcDm_12,SMALLRAIN
ID_NIlgs_12,SMALLRAIN
ID_0a8fw_12,SMALLRAIN
ID_ZDQdl_24,SMALLRAIN
ID_NEXRU_12,SMALLRAIN
ID_c7oP2_24,SMALLRAIN
ID_XVk9t_12,SMALLRAIN
ID_PrfWv_24,SMALLRAIN
ID_0k7L8_12,SMALLRAIN
ID_XUkU4_12,SMALLRAIN
ID_Iinbr_12,SMALLRAIN
ID_2VygM_12,SMALLRAIN
ID_vOa3G_24,SMALLRAIN
ID_6jVJA_12,SMALLRAIN
ID_pylKF_12,SMALLRAIN
ID_NFhbU_24,SMALLRAIN
ID_1H8Wf_12,SMALLRAIN
ID_wUFqN_24,SMALLRAIN
ID_5ADqm_12,SMALLRAIN
ID_DovKx_12,SMALLRAIN
ID_eyNfO_24,SMALLRAIN
ID_aVVAH_24,SMALLRAIN
ID_ygqv8_24,SMALLRAIN
ID_9Tbnp_24,SMALLRAIN
ID_jyeyC_12,SMALLRAIN
ID_lp4mv_24,SMALLRAIN
ID_HJ9jl_24,SMALLRAIN
ID_Nyi27_24,SMALLRAIN
ID_eiSDt_24,SMALLRAIN
ID_Aranb_24,SMALLRAIN
ID_M0Uj6_24,SMALLRAIN
ID_SvAMd_24,SMALLRAIN
ID_axvLH_24,SMALLRAIN
ID_kVBoe_24,SMALLRAIN
ID_BWXri_12,SMALLRAIN
ID_j4fRH_12,SMALLRAIN
ID_nXcLM_24,SMALLRAIN
ID_UZJTJ_24,SMALLRAIN
ID_nUPuJ_24,SMALLRAIN
ID_wKn6W_24,SMALLRAIN
ID_ZYSzl_24,SMALLRAIN
ID_wfO2W_12,SMALLRAIN
ID_HsDNM_12,SMALLRAIN
ID_lIdk5_12,SMALLRAIN
ID_sWEaG_12,SMALLRAIN
ID_xaFqA_24,SMALLRAIN
ID_NPmY3_24,SMALLRAIN
ID_TQin7_12,SMALLRAIN
ID_NuY8f_12,SMALLRAIN
ID_Do20A_24,SMALLRAIN
ID_RjYf0_12,SMALLRAIN
ID_5fPAv_12,SMALLRAIN
ID_EfgIc_12,SMALLRAIN
ID_JbAeB_24,SMALLRAIN
ID_Id3H9_12,SMALLRAIN
ID_waiY7_12,SMALLRAIN
ID_6bgPH_12,SMALLRAIN
ID_yMvXn_24,SMALLRAIN
ID_J564s_12,SMALLRAIN
ID_rGhTb_12,SMALLRAIN
ID_WTslF_24,SMALLRAIN
ID_7jOCL_12,SMALLRAIN
ID_FqcFe_12,SMALLRAIN
ID_2wBqC_24,SMALLRAIN
ID_UkdIM_12,SMALLRAIN
ID_0iyUO_12,SMALLRAIN
ID_i5hzc_24,SMALLRAIN
ID_wDfg2_12,SMALLRAIN
ID_1bYQr_12,SMALLRAIN
ID_3YbIr_24,SMALLRAIN
ID_slAAk_24,SMALLRAIN
ID_ZJWZ3_24,SMALLRAIN
ID_d39CU_24,SMALLRAIN
ID_uNLlB_12,SMALLRAIN
ID_jcKWo_24,SMALLRAIN
ID_u7At4_12,SMALLRAIN
ID_ympI2_24,SMALLRAIN
ID_VJvU0_24,SMALLRAIN
ID_JrN19_24,SMALLRAIN
ID_QZXmz_24,SMALLRAIN
ID_m2mp8_12,SMALLRAIN
ID_6PiSC_24,SMALLRAIN
ID_CDbkj_12,SMALLRAIN
ID_UXUSH_12,SMALLRAIN
ID_zXksx_12,SMALLRAIN
ID_Y37II_12,SMALLRAIN
ID_NQdBR_24,SMALLRAIN
ID_vJmpW_12,SMALLRAIN
ID_VsGtK_12,SMALLRAIN
ID_2p2jG_24,SMALLRAIN
ID_uxffX_24,SMALLRAIN
ID_QxD34_12,SMALLRAIN
ID_FfxUw_12,SMALLRAIN
ID_mXowW_24,SMALLRAIN
ID_nYlgm_24,SMALLRAIN
ID_4Y0Dm_12,SMALLRAIN
ID_bUncV_12,SMALLRAIN
ID_FYlV9_12,SMALLRAIN
ID_R1TQF_12,SMALLRAIN
ID_P8aIb_24,SMALLRAIN
ID_MdvSP_12,SMALLRAIN
ID_lne99_24,SMALLRAIN
ID_2s8Oi_12,SMALLRAIN
ID_UAAQR_12,SMALLRAIN
ID_eZWlP_12,SMALLRAIN
ID_Qd0o4_12,SMALLRAIN
ID_k9MmG_24,SMALLRAIN
ID_379La_12,SMALLRAIN
ID_HFaPP_24,SMALLRAIN
ID_xh9hc_12,SMALLRAIN
ID_u3x4B_12,SMALLRAIN
ID_Mdp7g_24,SMALLRAIN
ID_K1ONl_24,SMALLRAIN
ID_5c4xc_12,SMALLRAIN
ID_3U7ug_24,SMALLRAIN
ID_vUGbL_24,SMALLRAIN
ID_FhRKR_12,SMALLRAIN
ID_TFPsI_24,SMALLRAIN
ID_U7sSa_12,SMALLRAIN
ID_x4XJ7_24,SMALLRAIN
ID_AWsno_12,SMALLRAIN
ID_5HyBh_24,SMALLRAIN
ID_XMfRZ_24,SMALLRAIN
ID_LWhFj_12,SMALLRAIN
ID_OTlLm_12,SMALLRAIN
ID_vLAC8_12,SMALLRAIN
ID_f1wTl_24,SMALLRAIN
ID_2Gpho_12,SMALLRAIN
ID_YXKL7_24,SMALLRAIN
ID_qQqZd_12,SMALLRAIN
ID_gp6fZ_12,SMALLRAIN
ID_ylh0C_24,SMALLRAIN
ID_6pWOy_24,SMALLRAIN
ID_NZNx8_24,SMALLRAIN
ID_EuUBG_24,SMALLRAIN
ID_UNOMG_12,SMALLRAIN
ID_KB1Ec_12,SMALLRAIN
ID_pL9X8_12,SMALLRAIN
ID_tMrnD_12,SMALLRAIN
ID_VnFtG_12,SMALLRAIN
ID_rAJOC_24,SMALLRAIN
ID_sDb6N_24,SMALLRAIN
ID_okzLD_24,SMALLRAIN
ID_PRYwF_12,SMALLRAIN
ID_tu5h0_12,SMALLRAIN
ID_EamTe_24,SMALLRAIN
ID_PBY5Y_24,SMALLRAIN
ID_neCJH_24,SMALLRAIN
ID_nh2G1_24,SMALLRAIN
ID_DAi2O_24,SMALLRAIN
ID_P5L2M_24,SMALLRAIN
ID_yKiVn_12,SMALLRAIN
ID_bXPGY_24,SMALLRAIN
ID_uZUOT_24,SMALLRAIN
ID_ZdoAH_12,SMALLRAIN
ID_gxDcZ_24,SMALLRAIN
ID_chUJl_12,SMALLRAIN
ID_jhYpN_12,SMALLRAIN
ID_1xsd0_24,SMALLRAIN
ID_H2xnP_12,SMALLRAIN
ID_AgrSL_12,SMALLRAIN
ID_ChTvf_12,SMALLRAIN
ID_ASUen_12,SMALLRAIN
ID_i7q4B_24,SMALLRAIN
ID_7WnpN_12,SMALLRAIN
ID_CyxQ7_12,SMALLRAIN
ID_bPEGS_24,SMALLRAIN
ID_CNnte_24,SMALLRAIN
ID_gbjFV_12,SMALLRAIN
ID_IwH9C_12,SMALLRAIN
ID_Ab6pO_24,SMALLRAIN
ID_7CRBs_12,SMALLRAIN
ID_0vsF8_24,SMALLRAIN
ID_R3v8S_24,SMALLRAIN
ID_EGIQr_12,SMALLRAIN
ID_hvvmu_12,SMALLRAIN
ID_xRRiX_24,SMALLRAIN
ID_ALoWe_12,SMALLRAIN
ID_VkCpI_12,SMALLRAIN
ID_2iGbl_24,SMALLRAIN
ID_VK09H_24,SMALLRAIN
ID_H4j1B_24,SMALLRAIN
ID_mDtxj_24,SMALLRAIN
ID_H3XKU_12,SMALLRAIN
ID_a6vtn_24,SMALLRAIN
ID_QyjKQ_24,SMALLRAIN
ID_6yFKd_12,SMALLRAIN
ID_OLHoX_24,SMALLRAIN
ID_BCHTQ_12,SMALLRAIN
ID_TXtwy_12,SMALLRAIN
ID_jjXO2_12,SMALLRAIN
ID_pauXQ_12,SMALLRAIN
ID_LWojM_12,SMALLRAIN
ID_2ucen_12,SMALLRAIN
ID_i1ZJr_12,SMALLRAIN
ID_UWMQT_12,SMALLRAIN
ID_Bjg87_12,SMALLRAIN
ID_HMaMR_24,SMALLRAIN
ID_WMJVD_24,SMALLRAIN
ID_vCC50_24,SMALLRAIN
ID_qFAqU_12,SMALLRAIN
ID_1QB7z_24,SMALLRAIN
ID_h4Zuc_24,SMALLRAIN
ID_2a7Nb_12,SMALLRAIN
ID_0800T_24,SMALLRAIN
ID_oKbew_24,SMALLRAIN
ID_OlnZT_12,SMALLRAIN
ID_U2hkK_24,SMALLRAIN
ID_tFUUC_24,SMALLRAIN
ID_Gaxb4_12,SMALLRAIN
ID_MySES_24,SMALLRAIN
ID_JXke1_24,SMALLRAIN
ID_pKlaP_24,SMALLRAIN
ID_iktSp_24,SMALLRAIN
ID_LZZZf_24,SMALLRAIN
ID_tpeAV_24,SMALLRAIN
ID_cvSqX_24,SMALLRAIN
ID_g3iMJ_12,SMALLRAIN
ID_IKMd2_12,SMALLRAIN
ID_S7g9v_12,SMALLRAIN
ID_hBg3E_24,SMALLRAIN
ID_Cxbpa_24,SMALLRAIN
ID_byVfq_24,SMALLRAIN
ID_Fh8Et_24,SMALLRAIN
ID_qLJgE_12,SMALLRAIN
ID_lQZjQ_12,SMALLRAIN
ID_ysv91_12,SMALLRAIN
ID_zDezt_24,SMALLRAIN
ID_QzSEz_24,SMALLRAIN
ID_kDRum_24,SMALLRAIN
ID_jggHh_12,SMALLRAIN
ID_zF3Rt_24,SMALLRAIN
ID_0dMOT_24,SMALLRAIN
ID_cq1cW_24,SMALLRAIN
ID_zsYRR_12,SMALLRAIN
ID_we192_12,SMALLRAIN
ID_GQaNQ_12,SMALLRAIN
ID_TH1Iy_12,SMALLRAIN
ID_pKDnN_12,SMALLRAIN
ID_agKk7_24,SMALLRAIN
ID_StHmQ_12,SMALLRAIN
ID_BE7LY_24,SMALLRAIN
ID_WdJqt_24,SMALLRAIN
ID_7MzkC_12,SMALLRAIN
ID_LWi2w_24,SMALLRAIN
ID_7CRa9_24,SMALLRAIN
ID_JWRtl_12,SMALLRAIN
ID_4kBhY_24,SMALLRAIN
ID_4HpbE_12,SMALLRAIN
ID_eng7v_12,SMALLRAIN
ID_ijhWz_12,SMALLRAIN
ID_eUOXn_12,SMALLRAIN
ID_LzAA3_12,SMALLRAIN
ID_f7ZJ6_24,SMALLRAIN
ID_bMuMv_12,SMALLRAIN
ID_kcoX7_12,SMALLRAIN
ID_k5Mz9_12,SMALLRAIN
ID_BTNRB_24,SMALLRAIN
ID_LtuFb_24,SMALLRAIN
ID_MoiEA_24,SMALLRAIN
ID_O4o8e_24,SMALLRAIN
ID_rZR8V_12,SMALLRAIN
ID_bnXvA_12,SMALLRAIN
ID_R9tAn_24,SMALLRAIN
ID_4P75B_24,SMALLRAIN
ID_0xAJH_24,SMALLRAIN
ID_HuCk4_24,SMALLRAIN
ID_YKeBh_24,SMALLRAIN
ID_AIreH_12,SMALLRAIN
ID_LXM8z_12,SMALLRAIN
ID_nkEEe_12,SMALLRAIN
ID_m7Saj_12,SMALLRAIN
ID_W1GC7_24,SMALLRAIN
ID_omIz3_12,SMALLRAIN
ID_w3U3x_12,SMALLRAIN
ID_IkewK_12,SMALLRAIN
ID_xQG2H_24,SMALLRAIN
ID_ACzXt_24,SMALLRAIN
ID_ZESFq_12,SMALLRAIN
ID_AEepp_12,SMALLRAIN
ID_9PqcU_12,SMALLRAIN
ID_3j0y5_24,SMALLRAIN
ID_otEpy_24,SMALLRAIN
ID_GNdzS_24,SMALLRAIN
ID_Gc6tK_24,SMALLRAIN
ID_XmnLg_12,SMALLRAIN
ID_MfKe4_24,SMALLRAIN
ID_v8FvB_24,SMALLRAIN
ID_eAhxv_12,SMALLRAIN
ID_lOtJw_12,SMALLRAIN
ID_wzQBr_24,SMALLRAIN
ID_xtvrY_12,SMALLRAIN
ID_zJK6Y_12,SMALLRAIN
ID_V2ME9_12,SMALLRAIN
ID_ZxjW6_12,SMALLRAIN
ID_MyGPt_24,SMALLRAIN
ID_bEO4n_24,SMALLRAIN
ID_hF4vT_24,SMALLRAIN
ID_vC9As_12,SMALLRAIN
ID_mnsQe_12,SMALLRAIN
ID_JN3Tx_12,SMALLRAIN
ID_3slue_12,SMALLRAIN
ID_SBpXd_12,SMALLRAIN
ID_FQDzi_12,SMALLRAIN
ID_fp7G2_24,SMALLRAIN
ID_hOgM3_24,SMALLRAIN
ID_fw0AT_12,SMALLRAIN
ID_qvN0G_24,SMALLRAIN
ID_5eSD5_24,SMALLRAIN
ID_UcI8N_12,SMALLRAIN
ID_L21gT_24,SMALLRAIN
ID_z6WC0_24,SMALLRAIN
ID_UpuW8_12,SMALLRAIN
ID_QP22n_24,SMALLRAIN
ID_uft4x_12,SMALLRAIN
ID_1q4Zl_12,SMALLRAIN
ID_bmykj_24,SMALLRAIN
ID_RuX0W_24,SMALLRAIN
ID_VEgwj_24,SMALLRAIN
ID_TjBu9_24,SMALLRAIN
ID_MO5AH_24,SMALLRAIN
ID_kDOSd_24,SMALLRAIN
ID_eelRf_12,SMALLRAIN
ID_NpOSW_24,SMALLRAIN
ID_3AFkV_24,SMALLRAIN
ID_A4jTy_12,SMALLRAIN
ID_qEJvN_24,SMALLRAIN
ID_nqPga_24,SMALLRAIN
ID_nEGaJ_24,SMALLRAIN
ID_WfpKK_24,SMALLRAIN
ID_tq1mD_12,SMALLRAIN
ID_8i54t_12,SMALLRAIN
ID_wmq6O_12,SMALLRAIN
ID_CJAyZ_24,SMALLRAIN
ID_AjC45_12,SMALLRAIN
ID_qUquu_12,SMALLRAIN
ID_dNOa1_24,SMALLRAIN
ID_wzHel_12,SMALLRAIN
ID_msrxx_24,SMALLRAIN
ID_zJ0S8_12,SMALLRAIN
ID_qMApF_12,SMALLRAIN
ID_O4Zek_24,SMALLRAIN
ID_JOkWw_12,SMALLRAIN
ID_7llmI_12,SMALLRAIN
ID_shF2d_24,SMALLRAIN
ID_WVcsm_12,SMALLRAIN
ID_EB7kI_24,SMALLRAIN
ID_bCdQJ_24,SMALLRAIN
ID_wIptv_24,SMALLRAIN
ID_gQUKC_24,SMALLRAIN
ID_R0FSw_24,SMALLRAIN
ID_8Eje9_12,SMALLRAIN
ID_UTgWC_24,SMALLRAIN
ID_PqjYT_24,SMALLRAIN
ID_sUE4V_12,SMALLRAIN
ID_N7z5p_24,SMALLRAIN
ID_vKYC2_24,SMALLRAIN
ID_Hdfql_12,SMALLRAIN
ID_ia068_24,SMALLRAIN
ID_gjR5z_12,SMALLRAIN
ID_ZGx4G_12,SMALLRAIN
ID_CrB7j_12,SMALLRAIN
ID_IonXq_12,SMALLRAIN
ID_und4d_12,SMALLRAIN
ID_9f0qL_24,SMALLRAIN
ID_tp8oR_12,SMALLRAIN
ID_iIcQk_12,SMALLRAIN
ID_Bfw3x_12,SMALLRAIN
ID_EOyR2_12,SMALLRAIN
ID_t2ikq_24,SMALLRAIN
ID_zH7wv_24,SMALLRAIN
ID_wf4QU_12,SMALLRAIN
ID_N8vQ1_24,SMALLRAIN
ID_IdnFU_24,SMALLRAIN
ID_ypc05_24,SMALLRAIN
ID_bBz1t_12,SMALLRAIN
ID_gtVei_24,SMALLRAIN
ID_rymUS_24,SMALLRAIN
ID_xWR6v_12,SMALLRAIN
ID_or1ax_12,SMALLRAIN
ID_BLoS4_24,SMALLRAIN
ID_nvEdR_12,SMALLRAIN
ID_9a9yB_12,SMALLRAIN
ID_kzRcD_12,SMALLRAIN
ID_lZJVp_24,SMALLRAIN
ID_B2TGN_12,SMALLRAIN
ID_kYpBa_24,SMALLRAIN
ID_VByOD_24,SMALLRAIN
ID_gqrRC_12,SMALLRAIN
ID_30pNI_12,SMALLRAIN
ID_wflVp_24,SMALLRAIN
ID_M3wT6_12,SMALLRAIN
ID_m7D5C_24,SMALLRAIN
ID_thMJn_24,SMALLRAIN
ID_NT60f_12,SMALLRAIN
ID_oNXbp_12,SMALLRAIN
ID_dSide_24,SMALLRAIN
ID_GF6wM_12,SMALLRAIN
ID_nYObM_24,SMALLRAIN
ID_FFGFX_24,SMALLRAIN
ID_eRKtY_24,SMALLRAIN
ID_fOHYJ_24,SMALLRAIN
ID_nUOfA_24,SMALLRAIN
ID_xsd3d_24,SMALLRAIN
ID_bWUWZ_24,SMALLRAIN
ID_dZuBL_12,SMALLRAIN
ID_Wcnan_24,SMALLRAIN
ID_8jWHd_12,SMALLRAIN
ID_PE7n9_12,SMALLRAIN
ID_u94A5_12,SMALLRAIN
ID_Ftnlu_24,SMALLRAIN
ID_C3Czx_12,SMALLRAIN
ID_z366g_12,SMALLRAIN
ID_7NAxv_24,SMALLRAIN
ID_dj9FW_12,SMALLRAIN
ID_XyWCF_24,SMALLRAIN
ID_xhN1u_24,SMALLRAIN
ID_lntJ6_12,SMALLRAIN
ID_mcxXO_24,SMALLRAIN
ID_vNfC1_12,SMALLRAIN
ID_oLmy7_12,SMALLRAIN
ID_92OpY_12,SMALLRAIN
ID_opNv2_12,SMALLRAIN
ID_V8y1N_24,SMALLRAIN
ID_DKo8U_24,SMALLRAIN
ID_PBoVO_24,SMALLRAIN
ID_Aqp9H_12,SMALLRAIN
ID_20aoW_24,SMALLRAIN
ID_8c0Jx_12,SMALLRAIN
ID_L8bg9_12,SMALLRAIN
ID_lVRmB_12,SMALLRAIN
ID_rrAf0_24,SMALLRAIN
ID_nXrWu_12,SMALLRAIN
ID_bKPck_12,SMALLRAIN
ID_jOtyS_24,SMALLRAIN
ID_aWxYp_12,SMALLRAIN
ID_iSDnW_24,SMALLRAIN
ID_zYmoT_12,SMALLRAIN
ID_tz0AU_24,SMALLRAIN
ID_B33RL_12,SMALLRAIN
ID_5kk4e_12,SMALLRAIN
ID_EfbVs_12,SMALLRAIN
ID_1S8Lv_24,SMALLRAIN
ID_nlRCs_12,SMALLRAIN
ID_EwMuv_24,SMALLRAIN
ID_FOoXS_24,SMALLRAIN
ID_DdhpW_24,SMALLRAIN
ID_JKqr9_12,SMALLRAIN
ID_GMKHC_24,SMALLRAIN
ID_xydWP_24,SMALLRAIN
ID_DsR1U_12,SMALLRAIN
ID_OALvF_12,SMALLRAIN
ID_ZbMua_12,SMALLRAIN
ID_bOG76_24,SMALLRAIN
ID_2gPWq_24,SMALLRAIN
ID_J3Xzh_12,SMALLRAIN
ID_C0NzU_24,SMALLRAIN
ID_3asg9_12,SMALLRAIN
ID_wM4Tq_24,SMALLRAIN
ID_Fdxsm_24,SMALLRAIN
ID_NiKlh_24,SMALLRAIN
ID_bUPlh_12,SMALLRAIN
ID_4m6u6_12,SMALLRAIN
ID_SrIf2_24,SMALLRAIN
ID_njea4_24,SMALLRAIN
ID_91nAR_24,SMALLRAIN
ID_yBl6I_12,SMALLRAIN
ID_CcPk3_12,SMALLRAIN
ID_4Ie01_24,SMALLRAIN
ID_5BRh8_12,SMALLRAIN
ID_G55nK_24,SMALLRAIN
ID_GlAbk_12,SMALLRAIN
ID_eboWv_24,SMALLRAIN
ID_AndDu_12,SMALLRAIN
ID_SC5B3_24,SMALLRAIN
ID_H73TO_24,SMALLRAIN
ID_J1rc1_12,SMALLRAIN
ID_Sb9CK_12,SMALLRAIN
ID_sXL0R_24,SMALLRAIN
ID_G7h9l_12,SMALLRAIN
ID_HNEXL_12,SMALLRAIN
ID_NOSz1_24,SMALLRAIN
ID_kBhPo_24,SMALLRAIN
ID_ASm0P_12,SMALLRAIN
ID_t5A5X_12,SMALLRAIN
ID_N8mhQ_12,SMALLRAIN
ID_eaSEB_24,SMALLRAIN
ID_gNBUt_12,SMALLRAIN
ID_iESgE_24,SMALLRAIN
ID_U6cPA_12,SMALLRAIN
ID_yKrXm_12,SMALLRAIN
ID_rv82f_12,SMALLRAIN
ID_k3UQr_24,SMALLRAIN
ID_wiDay_24,SMALLRAIN
ID_iLOYy_24,SMALLRAIN
ID_SNtEl_24,SMALLRAIN
ID_ENrRs_24,SMALLRAIN
ID_Pcm1q_24,SMALLRAIN
ID_ehYzS_24,SMALLRAIN
ID_UcBjg_24,SMALLRAIN
ID_6d8Am_24,SMALLRAIN
ID_ReJsA_12,SMALLRAIN
ID_pakOZ_12,SMALLRAIN
ID_JFP9g_12,SMALLRAIN
ID_nT7TY_12,SMALLRAIN
ID_z0vuK_24,SMALLRAIN
ID_z1hJe_12,SMALLRAIN
ID_bS4Jv_12,SMALLRAIN
ID_F6Jra_24,SMALLRAIN
ID_L8rQf_12,SMALLRAIN
ID_swgaS_24,SMALLRAIN
ID_2fS2Y_12,SMALLRAIN
ID_3TaTE_24,SMALLRAIN
ID_HGKpn_24,SMALLRAIN
ID_uNLL1_24,SMALLRAIN
ID_tqhjQ_24,SMALLRAIN
ID_UilxI_12,SMALLRAIN
ID_fPkUX_24,SMALLRAIN
ID_OvLXR_24,SMALLRAIN
ID_CbHrT_24,SMALLRAIN
ID_XPsln_12,SMALLRAIN
ID_ndTyB_24,SMALLRAIN
ID_LxZ2o_12,SMALLRAIN
ID_7VWnx_12,SMALLRAIN
ID_ifxWS_24,SMALLRAIN
ID_y2fcl_12,SMALLRAIN
ID_xnTMR_24,SMALLRAIN
ID_QE8OW_12,SMALLRAIN
ID_gSRcY_24,SMALLRAIN
ID_zlz8Y_24,SMALLRAIN
ID_rf9lx_12,SMALLRAIN
ID_9hMy5_24,SMALLRAIN
ID_f8v6b_12,SMALLRAIN
ID_dK03w_12,SMALLRAIN
ID_2yOT2_12,SMALLRAIN
ID_fbgOc_12,SMALLRAIN
ID_ZbUoy_24,SMALLRAIN
ID_bhzyE_12,SMALLRAIN
ID_eXTuF_24,SMALLRAIN
ID_5OFKV_12,SMALLRAIN
ID_HEX7q_24,SMALLRAIN
ID_IXHd7_12,SMALLRAIN
ID_5uwfI_12,SMALLRAIN
ID_aD3Pz_12,SMALLRAIN
ID_vYx1U_12,SMALLRAIN
ID_R6IIl_24,SMALLRAIN
ID_mUIvG_24,SMALLRAIN
ID_7cqvo_24,SMALLRAIN
ID_2S8fn_24,SMALLRAIN
ID_kK6BW_12,SMALLRAIN
ID_2UTtr_24,SMALLRAIN
ID_Ez2LT_12,SMALLRAIN
ID_3UDqp_24,SMALLRAIN
ID_Rt8eZ_12,SMALLRAIN
ID_E89vW_12,SMALLRAIN
ID_rtlGL_24,SMALLRAIN
ID_ISnS4_12,SMALLRAIN
ID_12W6s_24,SMALLRAIN
ID_Kc7CZ_24,SMALLRAIN
ID_TQzrE_12,SMALLRAIN
ID_ggVH0_12,SMALLRAIN
ID_AbXVh_24,SMALLRAIN
ID_d5THE_24,SMALLRAIN
ID_GD7FP_24,SMALLRAIN
ID_ILft9_24,SMALLRAIN
ID_mp0NJ_12,SMALLRAIN
ID_AZqjM_24,SMALLRAIN
ID_CbhOl_12,SMALLRAIN
ID_JIXsS_24,SMALLRAIN
ID_dbg1R_24,SMALLRAIN
ID_mgUPK_24,SMALLRAIN
ID_AATTd_12,SMALLRAIN
ID_9YA17_24,SMALLRAIN
ID_TfNWv_24,SMALLRAIN
ID_H1B2V_12,SMALLRAIN
ID_bXwaa_24,SMALLRAIN
ID_77Dkr_12,SMALLRAIN
ID_4xK1N_12,SMALLRAIN
ID_au96Q_24,SMALLRAIN
ID_1bqDV_12,SMALLRAIN
ID_95Iae_24,SMALLRAIN
ID_VaIct_24,SMALLRAIN
ID_iCnUU_24,SMALLRAIN
ID_PZRVf_24,SMALLRAIN
ID_8sHEA_24,SMALLRAIN
ID_aVNZD_24,SMALLRAIN
ID_K6Akk_12,SMALLRAIN
ID_AnNZq_12,SMALLRAIN
ID_gyVfk_24,SMALLRAIN
ID_GWvg7_24,SMALLRAIN
ID_DnQsO_24,SMALLRAIN
ID_wCFng_24,SMALLRAIN
ID_okf0T_12,SMALLRAIN
ID_C5xdE_12,SMALLRAIN
ID_775uk_24,SMALLRAIN
ID_AtmG9_12,SMALLRAIN
ID_7YAui_24,SMALLRAIN
ID_sU4vz_12,SMALLRAIN
ID_PAQhv_12,SMALLRAIN
ID_7wu0q_12,SMALLRAIN
ID_UsCmq_12,SMALLRAIN
ID_B2lDC_24,SMALLRAIN
ID_r1YXk_24,SMALLRAIN
ID_VM5lE_24,SMALLRAIN
ID_qHYYL_24,SMALLRAIN
ID_vG7Cw_12,SMALLRAIN
ID_L6HnU_12,SMALLRAIN
ID_Gg1HE_12,SMALLRAIN
ID_kAaHv_24,SMALLRAIN
ID_Y7NEk_24,SMALLRAIN
ID_muKyC_12,SMALLRAIN
ID_6r6rK_24,SMALLRAIN
ID_weFZP_24,SMALLRAIN
ID_8H6h8_12,SMALLRAIN
ID_Es2Gu_12,SMALLRAIN
ID_HivBN_24,SMALLRAIN
ID_wbQZ8_24,SMALLRAIN
ID_LKv0M_24,SMALLRAIN
ID_6Phuz_24,SMALLRAIN
ID_iVXJM_12,SMALLRAIN
ID_uUYyU_24,SMALLRAIN
ID_Y51vX_12,SMALLRAIN
ID_9EV5N_12,SMALLRAIN
ID_49U5P_24,SMALLRAIN
ID_9VfAn_12,SMALLRAIN
ID_v9xZW_24,SMALLRAIN
ID_tjfqX_24,SMALLRAIN
ID_fqPDS_24,SMALLRAIN
ID_saKEf_12,SMALLRAIN
ID_1sElH_24,SMALLRAIN
ID_zBwDG_12,SMALLRAIN
ID_FihTO_12,SMALLRAIN
ID_T9VAC_12,SMALLRAIN
ID_sRyYo_24,SMALLRAIN
ID_cwZaO_24,SMALLRAIN
ID_IOHDa_12,SMALLRAIN
ID_Cii74_24,SMALLRAIN
ID_55k4W_24,SMALLRAIN
ID_YpFGY_12,SMALLRAIN
ID_Mrmi8_24,SMALLRAIN
ID_4mOlU_24,SMALLRAIN
ID_inulh_12,SMALLRAIN
ID_P2jKe_12,SMALLRAIN
ID_PUw4B_12,SMALLRAIN
ID_N7NEZ_24,SMALLRAIN
ID_wsquy_12,SMALLRAIN
ID_5CUo9_12,SMALLRAIN
ID_UIFwr_12,SMALLRAIN
ID_U6wgZ_12,SMALLRAIN
ID_vOEi8_24,SMALLRAIN
ID_5cMzj_12,SMALLRAIN
ID_DfiXP_12,SMALLRAIN
ID_zMhTJ_12,SMALLRAIN
ID_of4LV_24,SMALLRAIN
ID_piTJX_12,SMALLRAIN
ID_b7R7H_24,SMALLRAIN
ID_49bWZ_24,SMALLRAIN
ID_Y2nOf_24,SMALLRAIN
ID_L4y9h_24,SMALLRAIN
ID_uUEte_12,SMALLRAIN
ID_LzicM_12,SMALLRAIN
ID_gXFkD_24,SMALLRAIN
ID_yHF97_12,SMALLRAIN
ID_6FVlf_24,SMALLRAIN
ID_M4UAX_24,SMALLRAIN
ID_uct8F_24,SMALLRAIN
ID_RZrXY_12,SMALLRAIN
ID_W6Wa4_12,SMALLRAIN
ID_lLR8a_12,SMALLRAIN
ID_k3I5d_24,SMALLRAIN
ID_d5PL9_12,SMALLRAIN
ID_9zyFE_12,SMALLRAIN
ID_X8UKj_24,SMALLRAIN
ID_Nkr3Q_24,SMALLRAIN
ID_GVrri_24,SMALLRAIN
ID_ALD59_24,SMALLRAIN
ID_RDpPg_12,SMALLRAIN
ID_boGDI_24,SMALLRAIN
ID_o4GA2_24,SMALLRAIN
ID_IlOo9_24,SMALLRAIN
ID_EHHYx_12,SMALLRAIN
ID_VdmDw_24,SMALLRAIN
ID_QAATs_12,SMALLRAIN
ID_vT8GK_24,SMALLRAIN
ID_RHT5d_12,SMALLRAIN
ID_Kd33n_12,SMALLRAIN
ID_JIkUd_12,SMALLRAIN
ID_FWPC3_24,SMALLRAIN
ID_MpB7n_24,SMALLRAIN
ID_yFpY5_24,SMALLRAIN
ID_kphsq_24,SMALLRAIN
ID_OubtI_12,SMALLRAIN
ID_FIUUR_24,SMALLRAIN
ID_sxtXu_12,SMALLRAIN
ID_6yUNd_24,SMALLRAIN
ID_8H8WW_24,SMALLRAIN
ID_scLNI_24,SMALLRAIN
ID_Fmvti_12,SMALLRAIN
ID_9o4Ur_12,SMALLRAIN
ID_zED1F_12,SMALLRAIN
ID_G2WGB_24,SMALLRAIN
ID_ZG3Zt_12,SMALLRAIN
ID_ZNVUP_12,SMALLRAIN
ID_wncPn_12,SMALLRAIN
ID_bLrSV_24,SMALLRAIN
ID_qKa6E_24,SMALLRAIN
ID_tST18_12,SMALLRAIN
ID_zxA1d_24,SMALLRAIN
ID_wO1cN_12,SMALLRAIN
ID_uCldI_12,SMALLRAIN
ID_WQTha_12,SMALLRAIN
ID_lLlIX_12,SMALLRAIN
ID_zIe89_12,SMALLRAIN
ID_3Ce3r_12,SMALLRAIN
ID_PDlx5_24,SMALLRAIN
ID_2ZSnU_24,SMALLRAIN
ID_Z5OPa_12,SMALLRAIN
ID_FpSdW_12,SMALLRAIN
ID_zG03a_24,SMALLRAIN
ID_FSju3_24,SMALLRAIN
ID_1e2vN_12,SMALLRAIN
ID_WAWHo_12,SMALLRAIN
ID_gnx5i_24,SMALLRAIN
ID_wXiv6_24,SMALLRAIN
ID_gia0O_12,SMALLRAIN
ID_SE7Z0_24,SMALLRAIN
ID_Lpx2u_12,SMALLRAIN
ID_ex7oj_24,SMALLRAIN
ID_cipP2_24,SMALLRAIN
ID_ZA0s9_12,SMALLRAIN
ID_GXGtE_24,SMALLRAIN
ID_YeqzA_24,SMALLRAIN
ID_Oupbt_12,SMALLRAIN
ID_slZjP_24,SMALLRAIN
ID_RvOuX_24,SMALLRAIN
ID_syj9X_24,SMALLRAIN
ID_18qvS_12,SMALLRAIN
ID_1eCrA_12,SMALLRAIN
ID_U9NLw_12,SMALLRAIN
ID_3HSG9_24,SMALLRAIN
ID_tToqs_12,SMALLRAIN
ID_ZBEPY_24,SMALLRAIN
ID_SMeQr_12,SMALLRAIN
ID_Ayo5Y_24,SMALLRAIN
ID_r4YxX_12,SMALLRAIN
ID_iEGyG_24,SMALLRAIN
ID_JmDO7_24,SMALLRAIN
ID_gJg7H_24,SMALLRAIN
ID_NiiLv_12,SMALLRAIN
ID_xzu7M_24,SMALLRAIN
ID_nleFz_12,SMALLRAIN
ID_pYa0s_12,SMALLRAIN
ID_ehskD_12,SMALLRAIN
ID_i8ROC_12,SMALLRAIN
ID_ZfrLE_24,SMALLRAIN
ID_Q8xQj_24,SMALLRAIN
ID_RJIA0_12,SMALLRAIN
ID_UCp8v_12,SMALLRAIN
ID_CD1ki_24,SMALLRAIN
ID_LMAhM_12,SMALLRAIN
ID_qeolP_24,SMALLRAIN
ID_XD5fz_24,SMALLRAIN
ID_HFmXo_24,SMALLRAIN
ID_bjusH_24,SMALLRAIN
ID_bGveq_12,SMALLRAIN
ID_IItJw_12,SMALLRAIN
ID_V9hIA_12,SMALLRAIN
ID_8MX3M_12,SMALLRAIN
ID_AqnPu_12,SMALLRAIN
ID_mFdAK_24,SMALLRAIN
ID_hqHUN_12,SMALLRAIN
ID_o7vdS_24,SMALLRAIN
ID_x0mSM_24,SMALLRAIN
ID_gQKj7_24,SMALLRAIN
ID_UqOPz_24,SMALLRAIN
ID_JUA6z_24,SMALLRAIN
ID_aNIP6_12,SMALLRAIN
ID_ByzMn_24,SMALLRAIN
ID_NItox_24,SMALLRAIN
ID_XX0Mr_12,SMALLRAIN
ID_Tngp4_24,SMALLRAIN
ID_yxqAo_24,SMALLRAIN
ID_grWQM_24,SMALLRAIN
ID_Dappd_12,SMALLRAIN
ID_4r6Du_24,SMALLRAIN
ID_nfB5i_12,SMALLRAIN
ID_urNVG_12,SMALLRAIN
ID_siZRd_12,SMALLRAIN
ID_Z1j1F_12,SMALLRAIN
ID_XChnf_24,SMALLRAIN
ID_CVmfi_12,SMALLRAIN
ID_YKiOV_12,SMALLRAIN
ID_I0k5b_24,SMALLRAIN
ID_L4nOt_12,SMALLRAIN
ID_Xqw36_12,SMALLRAIN
ID_HudDj_12,SMALLRAIN
ID_xigu3_12,SMALLRAIN
ID_uzfty_24,SMALLRAIN
ID_rC8vl_24,SMALLRAIN
ID_etnyK_24,SMALLRAIN
ID_7nvdE_12,SMALLRAIN
ID_yQciF_24,SMALLRAIN
ID_QiLbX_12,SMALLRAIN
ID_ANbTg_24,SMALLRAIN
ID_j0nw3_24,SMALLRAIN
ID_ggafY_12,SMALLRAIN
ID_GCiq5_24,SMALLRAIN
ID_hRmUf_12,SMALLRAIN
ID_oEQ7O_24,SMALLRAIN
ID_BNB6N_24,SMALLRAIN
ID_dhcQ1_12,SMALLRAIN
ID_u0Wul_24,SMALLRAIN
ID_tqevK_12,SMALLRAIN
ID_QuiNb_12,SMALLRAIN
ID_EzfB0_24,SMALLRAIN
ID_pHsjg_24,SMALLRAIN
ID_6IiOF_24,SMALLRAIN
ID_66TwN_24,SMALLRAIN
ID_zHSSD_12,SMALLRAIN
ID_rqdz3_24,SMALLRAIN
ID_bwq2s_24,SMALLRAIN
ID_UJcvd_24,SMALLRAIN
ID_ekoZy_24,SMALLRAIN
ID_gIwTa_24,SMALLRAIN
ID_Igi8w_12,SMALLRAIN
ID_VVfOr_12,SMALLRAIN
ID_hxgJB_12,SMALLRAIN
ID_FOAs0_12,SMALLRAIN
ID_4p4al_24,SMALLRAIN
ID_yshnn_12,SMALLRAIN
ID_z4wHe_12,SMALLRAIN
ID_GoEd9_12,SMALLRAIN
ID_E2JDB_12,SMALLRAIN
ID_EFdcu_24,SMALLRAIN
ID_ypJ9k_24,SMALLRAIN
ID_a8VUO_24,SMALLRAIN
ID_gsVpX_12,SMALLRAIN
ID_9G7JW_24,SMALLRAIN
ID_dG6Rh_12,SMALLRAIN
ID_ht3X1_24,SMALLRAIN
ID_Vp35s_24,SMALLRAIN
ID_UhiLf_24,SMALLRAIN
ID_tHq33_24,SMALLRAIN
ID_GUDgy_24,SMALLRAIN
ID_aee5Q_12,SMALLRAIN
ID_W23mn_24,SMALLRAIN
ID_s2tB9_24,SMALLRAIN
ID_JDZke_24,SMALLRAIN
ID_6YZaN_12,SMALLRAIN
ID_kSZ3w_24,SMALLRAIN
ID_cw1Xs_24,SMALLRAIN
ID_Ilb04_24,SMALLRAIN
ID_y5zAs_24,SMALLRAIN
ID_BT7gw_12,SMALLRAIN
ID_bCsHI_12,SMALLRAIN
ID_OMguz_24,SMALLRAIN
ID_WyrtG_12,SMALLRAIN
ID_AAS88_12,SMALLRAIN
ID_em1jy_12,SMALLRAIN
ID_h4BsM_12,SMALLRAIN
ID_md2GQ_12,SMALLRAIN
ID_JUvDJ_12,SMALLRAIN
ID_yBAyP_12,SMALLRAIN
ID_AGVjZ_24,SMALLRAIN
ID_mEeXm_24,SMALLRAIN
ID_Tm5qb_12,SMALLRAIN
ID_Hnfw3_24,SMALLRAIN
ID_XXLOQ_12,SMALLRAIN
ID_Y1TC7_24,SMALLRAIN
ID_LHqoe_24,SMALLRAIN
ID_egCR0_24,SMALLRAIN
ID_iRJwD_12,SMALLRAIN
ID_cP6wn_24,SMALLRAIN
ID_7GGDp_12,SMALLRAIN
ID_yGxGH_24,SMALLRAIN
ID_u1iYC_12,SMALLRAIN
ID_ddi2S_12,SMALLRAIN
ID_rNFWR_12,SMALLRAIN
ID_3Jw5f_24,SMALLRAIN
ID_vxnog_24,SMALLRAIN
ID_kWj2x_12,SMALLRAIN
ID_xqR8k_12,SMALLRAIN
ID_y7piG_12,SMALLRAIN
ID_HWOR3_24,SMALLRAIN
ID_uLKxN_24,SMALLRAIN
ID_SUBpC_12,SMALLRAIN
ID_YeSgD_12,SMALLRAIN
ID_f9gD8_24,SMALLRAIN
ID_vS9ml_12,SMALLRAIN
ID_HiOBB_12,SMALLRAIN
ID_L1UhM_24,SMALLRAIN
ID_8dX02_24,SMALLRAIN
ID_UrdRt_12,SMALLRAIN
ID_HJzj5_12,SMALLRAIN
ID_gAL0D_24,SMALLRAIN
ID_qRpWf_12,SMALLRAIN
ID_tPiAw_24,SMALLRAIN
ID_v2eo5_24,SMALLRAIN
ID_PNoQ0_24,SMALLRAIN
ID_qgWL1_24,SMALLRAIN
ID_Rrv8P_24,SMALLRAIN
ID_SbTdy_24,NORAIN
ID_CjF4n_12,SMALLRAIN
ID_MsLQI_24,SMALLRAIN
ID_VeGao_12,SMALLRAIN
ID_Ar6EV_12,SMALLRAIN
ID_PC2If_24,SMALLRAIN
ID_kepz0_12,SMALLRAIN
ID_bCHVS_24,SMALLRAIN
ID_T2x9m_24,SMALLRAIN
ID_rhdda_24,SMALLRAIN
ID_9yoUf_12,SMALLRAIN
ID_HnYZe_12,SMALLRAIN
ID_WQIAv_24,SMALLRAIN
ID_gYjKx_24,SMALLRAIN
ID_t9UsY_24,SMALLRAIN
ID_A8SHB_12,SMALLRAIN
ID_BRxlK_24,SMALLRAIN
ID_xtLUK_24,SMALLRAIN
ID_XSnmY_12,SMALLRAIN
ID_hxVvi_12,SMALLRAIN
ID_U6SFc_24,SMALLRAIN
ID_xTdt2_24,SMALLRAIN
ID_vPx0I_12,SMALLRAIN
ID_Xtvik_24,SMALLRAIN
ID_byEHt_12,SMALLRAIN
ID_02RNJ_24,SMALLRAIN
ID_zJ63Y_12,SMALLRAIN
ID_0gDNw_24,SMALLRAIN
ID_yDLzE_24,SMALLRAIN
ID_3zMsV_12,SMALLRAIN
ID_4Mhlk_12,SMALLRAIN
ID_9LdqO_12,SMALLRAIN
ID_GlFC5_12,SMALLRAIN
ID_IkJ6P_24,SMALLRAIN
ID_nepHg_12,SMALLRAIN
ID_AR3rU_12,SMALLRAIN
ID_WbP5y_12,SMALLRAIN
ID_JJr5s_12,SMALLRAIN
ID_KNoic_24,SMALLRAIN
ID_8gnFR_12,SMALLRAIN
ID_ZYBh4_24,SMALLRAIN
ID_uHOC2_12,SMALLRAIN
ID_9AbLe_24,SMALLRAIN
ID_BrUjo_12,SMALLRAIN
ID_QJDTZ_24,SMALLRAIN
ID_xDJ0J_12,SMALLRAIN
ID_4iajT_12,SMALLRAIN
ID_T5HYt_24,SMALLRAIN
ID_tS8sl_12,SMALLRAIN
ID_yCpkv_12,SMALLRAIN
ID_kZriP_12,SMALLRAIN
ID_BBrvq_12,SMALLRAIN
ID_PAB2s_24,SMALLRAIN
ID_HpGVa_24,SMALLRAIN
ID_OpJqq_12,SMALLRAIN
ID_SLlT1_12,SMALLRAIN
ID_IgitB_12,SMALLRAIN
ID_Zqces_12,SMALLRAIN
ID_5UIkT_24,SMALLRAIN
ID_7Gzx8_12,SMALLRAIN
ID_lDaip_24,SMALLRAIN
ID_F3LFH_24,SMALLRAIN
ID_VvoCK_12,SMALLRAIN
ID_DHSM0_12,SMALLRAIN
ID_siEIB_24,SMALLRAIN
ID_tUJrh_12,SMALLRAIN
ID_pAd9G_24,SMALLRAIN
ID_35nIW_12,SMALLRAIN
ID_awxq6_12,SMALLRAIN
ID_kGv14_12,SMALLRAIN
ID_tZlPM_24,SMALLRAIN
ID_BY2aN_24,SMALLRAIN
ID_rHD1G_12,SMALLRAIN
ID_SWJfd_24,SMALLRAIN
ID_VbHXi_12,SMALLRAIN
ID_hK51F_24,SMALLRAIN
ID_UgAsd_24,SMALLRAIN
ID_8z0NH_12,SMALLRAIN
ID_B6YFw_24,SMALLRAIN
ID_aJiXN_24,SMALLRAIN
ID_J9Cik_24,SMALLRAIN
ID_jOIFI_24,SMALLRAIN
ID_NJOVz_24,SMALLRAIN
ID_Y03Iw_12,SMALLRAIN
ID_QjBvK_12,SMALLRAIN
ID_rDONM_24,SMALLRAIN
ID_WLOyZ_12,SMALLRAIN
ID_9jpbW_24,SMALLRAIN
ID_IBLPT_24,SMALLRAIN
ID_dYDNB_24,SMALLRAIN
ID_hUtyV_24,SMALLRAIN
ID_ZWj9Y_24,SMALLRAIN
ID_DfwU2_24,SMALLRAIN
ID_yakAT_12,SMALLRAIN
ID_KcKVq_24,SMALLRAIN
ID_jlnyZ_24,SMALLRAIN
ID_XacuY_24,SMALLRAIN
ID_NqLon_12,SMALLRAIN
ID_RBNW9_12,SMALLRAIN
ID_1CGiE_24,SMALLRAIN
ID_RhcJX_24,SMALLRAIN
ID_PyaUQ_12,SMALLRAIN
ID_x7pTN_24,SMALLRAIN
ID_ZjzWX_12,SMALLRAIN
ID_Etza8_24,SMALLRAIN
ID_0sZpr_12,SMALLRAIN
ID_D7SgO_12,SMALLRAIN
ID_wbKoB_12,SMALLRAIN
ID_GnKVQ_24,SMALLRAIN
ID_4KTBv_24,SMALLRAIN
ID_DN8pb_12,SMALLRAIN
ID_Fequi_12,SMALLRAIN
ID_w4UOL_12,SMALLRAIN
ID_WVXru_24,SMALLRAIN
ID_cRnKe_12,SMALLRAIN
ID_Eh3SK_24,SMALLRAIN
ID_gW6RK_24,SMALLRAIN
ID_wL5nq_12,SMALLRAIN
ID_jLHae_24,SMALLRAIN
ID_n5AGP_12,SMALLRAIN
ID_HxEAU_24,SMALLRAIN
ID_ggk46_24,SMALLRAIN
ID_QbD7W_12,SMALLRAIN
ID_g3iCP_12,SMALLRAIN
ID_7wFMm_12,SMALLRAIN
ID_oKOGQ_12,SMALLRAIN
ID_EET3H_24,SMALLRAIN
ID_A4x00_24,SMALLRAIN
ID_ro6Xz_24,SMALLRAIN
ID_QNWeb_12,SMALLRAIN
ID_YKUvZ_12,SMALLRAIN
ID_ssLET_24,SMALLRAIN
ID_81FIZ_12,SMALLRAIN
ID_CHRrG_12,SMALLRAIN
ID_b7xRP_12,SMALLRAIN
ID_DCQSC_12,SMALLRAIN
ID_AGka7_24,SMALLRAIN
ID_B3pYK_24,SMALLRAIN
ID_a6TDV_24,SMALLRAIN
ID_yxk1J_24,SMALLRAIN
ID_CMlE0_24,SMALLRAIN
ID_c24cx_24,SMALLRAIN
ID_P9LZR_24,SMALLRAIN
ID_ZEuh9_12,SMALLRAIN
ID_494fa_24,SMALLRAIN
ID_EAro9_24,SMALLRAIN
ID_M0AQN_24,SMALLRAIN
ID_efTuF_24,SMALLRAIN
ID_fTft6_24,SMALLRAIN
ID_Yjyw7_24,SMALLRAIN
ID_ndIGb_12,SMALLRAIN
ID_iUUcx_24,SMALLRAIN
ID_OmDvk_12,SMALLRAIN
ID_r3fEw_24,SMALLRAIN
ID_K6e3F_12,SMALLRAIN
ID_dglkm_24,SMALLRAIN
ID_nTVGH_12,SMALLRAIN
ID_NUEb1_24,SMALLRAIN
ID_xONuG_24,SMALLRAIN
ID_QKfAH_24,SMALLRAIN
ID_YEGKS_12,SMALLRAIN
ID_W0Hrc_12,SMALLRAIN
ID_R6U0Y_12,SMALLRAIN
ID_8IAhA_12,SMALLRAIN
ID_gdNiV_24,SMALLRAIN
ID_1PFg3_24,SMALLRAIN
ID_KTfFR_12,SMALLRAIN
ID_sUmM4_24,SMALLRAIN
ID_6QQ2b_24,SMALLRAIN
ID_VdblB_12,SMALLRAIN
ID_w1XQK_12,SMALLRAIN
ID_bR1xH_12,SMALLRAIN
ID_cWfB3_24,SMALLRAIN
ID_cEDda_24,SMALLRAIN
ID_H61we_24,SMALLRAIN
ID_6isOf_12,SMALLRAIN
ID_7NIvm_12,SMALLRAIN
ID_HGWyM_24,SMALLRAIN
ID_tB7Ut_12,SMALLRAIN
ID_vNSOY_12,SMALLRAIN
ID_valiZ_12,SMALLRAIN
ID_IhIlM_12,SMALLRAIN
ID_cl9Gm_24,SMALLRAIN
ID_E3TFo_24,SMALLRAIN
ID_Dkhle_12,SMALLRAIN
ID_6YPhN_12,SMALLRAIN
ID_pMMJH_24,SMALLRAIN
ID_nCIdo_12,SMALLRAIN
ID_U6xv7_24,SMALLRAIN
ID_fHAZx_12,SMALLRAIN
ID_xBymx_24,SMALLRAIN
ID_O2guN_24,SMALLRAIN
ID_sfd8f_12,SMALLRAIN
ID_rEbIu_12,SMALLRAIN
ID_0beVB_24,SMALLRAIN
ID_BgEUc_24,SMALLRAIN
ID_PsJ9o_12,SMALLRAIN
ID_Y9lj2_24,SMALLRAIN
ID_gJB3f_12,SMALLRAIN
ID_v6o9D_12,SMALLRAIN
ID_ViKBi_24,SMALLRAIN
ID_swOv8_12,SMALLRAIN
ID_1cDAY_24,SMALLRAIN
ID_ZcDXj_12,SMALLRAIN
ID_uGWWT_24,SMALLRAIN
ID_G8kHT_12,SMALLRAIN
ID_2wgYa_24,SMALLRAIN
ID_sf0ty_24,SMALLRAIN
ID_EUVB5_24,SMALLRAIN
ID_NISzy_24,SMALLRAIN
ID_knemO_24,SMALLRAIN
ID_bg8hr_24,SMALLRAIN
ID_9QD1B_24,SMALLRAIN
ID_NoIok_12,SMALLRAIN
ID_bPNfF_24,SMALLRAIN
ID_4lM9c_12,SMALLRAIN
ID_nQbkK_24,SMALLRAIN
ID_6rPer_12,SMALLRAIN
ID_fIcd9_12,SMALLRAIN
ID_k07Eb_24,SMALLRAIN
ID_wJHmy_12,SMALLRAIN
ID_zHV4w_12,SMALLRAIN
ID_iK6eR_12,SMALLRAIN
ID_fgXpE_12,SMALLRAIN
ID_ruJaU_24,SMALLRAIN
ID_fAimg_24,SMALLRAIN
ID_9fWTl_24,SMALLRAIN
ID_0c8Fw_12,SMALLRAIN
ID_zxHDj_24,SMALLRAIN
ID_hyFtp_24,SMALLRAIN
ID_Y4Xv8_24,SMALLRAIN
ID_mXrGV_12,SMALLRAIN
ID_3HNTH_12,SMALLRAIN
ID_V8gUF_12,SMALLRAIN
ID_BoJH3_24,SMALLRAIN
ID_QR6FE_24,SMALLRAIN
ID_lmEZM_24,SMALLRAIN
ID_bdrKT_12,SMALLRAIN
ID_T2GZ1_12,SMALLRAIN
ID_bt5wl_12,SMALLRAIN
ID_OIVVH_12,SMALLRAIN
ID_4FzkX_24,SMALLRAIN
ID_wsgoX_12,SMALLRAIN
ID_Leep4_24,SMALLRAIN
ID_SZxjU_12,SMALLRAIN
ID_uNCwK_12,SMALLRAIN
ID_lGg2b_12,SMALLRAIN
ID_8vS2V_24,SMALLRAIN
ID_ymVWB_12,SMALLRAIN
ID_hXjU1_12,SMALLRAIN
ID_sQQfJ_12,SMALLRAIN
ID_IeElh_24,SMALLRAIN
ID_JHB9E_12,SMALLRAIN
ID_DKlNz_24,SMALLRAIN
ID_pCPZy_24,SMALLRAIN
ID_zk0lr_24,SMALLRAIN
ID_x1LY8_24,SMALLRAIN
ID_cyISP_24,SMALLRAIN
ID_L6ube_12,SMALLRAIN
ID_eJ05F_24,SMALLRAIN
ID_6gro2_24,SMALLRAIN
ID_DRrgI_24,SMALLRAIN
ID_zVLOu_12,SMALLRAIN
ID_OSyVH_24,SMALLRAIN
ID_Nj1XU_24,SMALLRAIN
ID_7ZYS2_12,SMALLRAIN
ID_L2Fx8_24,SMALLRAIN
ID_XYMED_12,SMALLRAIN
ID_m0CZK_24,SMALLRAIN
ID_ovrk4_12,SMALLRAIN
ID_RTtqe_24,SMALLRAIN
ID_wjBDN_24,SMALLRAIN
ID_U4Oil_24,SMALLRAIN
ID_FwenV_24,SMALLRAIN
ID_jrYUa_24,SMALLRAIN
ID_JkR0T_24,SMALLRAIN
ID_H1QTI_12,SMALLRAIN
ID_Vc8h8_12,SMALLRAIN
ID_5TNHq_24,SMALLRAIN
ID_YtUN3_24,SMALLRAIN
ID_9tuoj_24,SMALLRAIN
ID_Wp1A5_24,SMALLRAIN
ID_HaEGN_24,SMALLRAIN
ID_SCjFZ_24,SMALLRAIN
ID_1ys3J_12,SMALLRAIN
ID_Ot7QE_24,SMALLRAIN
ID_pFp0W_12,SMALLRAIN
ID_VePNY_12,SMALLRAIN
ID_CFJWh_12,SMALLRAIN
ID_ah7YK_24,SMALLRAIN
ID_LgTM9_24,SMALLRAIN
ID_nQvbk_12,SMALLRAIN
ID_SDdch_24,SMALLRAIN
ID_9ISjs_24,SMALLRAIN
ID_i4u8O_24,SMALLRAIN
ID_Etb6F_12,SMALLRAIN
ID_n9sEC_24,SMALLRAIN
ID_daODb_12,SMALLRAIN
ID_ihSiR_12,SMALLRAIN
ID_YEhv1_12,SMALLRAIN
ID_7AvFQ_12,SMALLRAIN
ID_pU2fB_24,SMALLRAIN
ID_mJNpA_12,SMALLRAIN
ID_2F3YD_12,SMALLRAIN
ID_U3ksa_12,SMALLRAIN
ID_YwNkW_12,SMALLRAIN
ID_Lhe9H_24,SMALLRAIN
ID_3b1EQ_24,SMALLRAIN
ID_hHBBY_24,SMALLRAIN
ID_ZP9yL_12,SMALLRAIN
ID_2BX0H_12,SMALLRAIN
ID_6VnDJ_12,SMALLRAIN
ID_pQ4XS_12,SMALLRAIN
ID_X9wTI_24,SMALLRAIN
ID_EJ0xF_24,SMALLRAIN
ID_0wiJI_12,SMALLRAIN
ID_cnKUR_24,SMALLRAIN
ID_b0ioG_12,SMALLRAIN
ID_fA9ul_24,SMALLRAIN
ID_gdAla_12,SMALLRAIN
ID_lGpMl_24,SMALLRAIN
ID_IgTfz_24,SMALLRAIN
ID_Y2lFl_24,SMALLRAIN
ID_ii4Xa_12,SMALLRAIN
ID_I6zwR_12,SMALLRAIN
ID_uY2rE_12,SMALLRAIN
ID_zosF3_12,SMALLRAIN
ID_0Bivp_24,SMALLRAIN
ID_qI3Ge_12,SMALLRAIN
ID_KBPvm_24,SMALLRAIN
ID_WwUt8_24,SMALLRAIN
ID_iPixY_12,SMALLRAIN
ID_epV8F_24,SMALLRAIN
ID_xCuEi_12,SMALLRAIN
ID_iE2Ph_24,SMALLRAIN
ID_8qReO_24,SMALLRAIN
ID_H8Ae5_12,SMALLRAIN
ID_QYSyw_24,SMALLRAIN
ID_Q1MAN_24,SMALLRAIN
ID_gfLGS_12,SMALLRAIN
ID_0phA0_12,SMALLRAIN
ID_J25yH_24,SMALLRAIN
ID_rWDHq_12,SMALLRAIN
ID_2pzCQ_12,SMALLRAIN
ID_hGnF4_24,SMALLRAIN
ID_mut9E_12,SMALLRAIN
ID_xzbf5_12,SMALLRAIN
ID_PHVG1_12,SMALLRAIN
ID_U3xR5_24,SMALLRAIN
ID_aSiIJ_24,SMALLRAIN
ID_XFgie_24,SMALLRAIN
ID_eJH20_24,SMALLRAIN
ID_TGZsg_24,SMALLRAIN
ID_vWVz1_24,SMALLRAIN
ID_MqOYc_12,SMALLRAIN
ID_YhDLs_12,SMALLRAIN
ID_J1cmS_12,SMALLRAIN
ID_6v18B_24,SMALLRAIN
ID_bimau_24,SMALLRAIN
ID_ZotbC_24,SMALLRAIN
ID_eZFTf_24,SMALLRAIN
ID_tuWNy_24,SMALLRAIN
ID_tLZXY_12,SMALLRAIN
ID_6l2fM_24,SMALLRAIN
ID_JnOng_12,SMALLRAIN
ID_rDVX7_12,SMALLRAIN
ID_fjXis_24,SMALLRAIN
ID_887VJ_12,SMALLRAIN
ID_wmTi9_24,SMALLRAIN
ID_pAsKf_24,SMALLRAIN
ID_hJc1y_12,SMALLRAIN
ID_p7f2F_12,SMALLRAIN
ID_cyaEz_24,SMALLRAIN
ID_VKmUa_12,SMALLRAIN
ID_pV8uu_24,SMALLRAIN
ID_xNNKq_12,SMALLRAIN
ID_uZSzQ_12,SMALLRAIN
ID_qPiJZ_24,SMALLRAIN
ID_aRvoC_24,SMALLRAIN
ID_h3pKM_24,SMALLRAIN
ID_ARzfP_24,SMALLRAIN
ID_odRSx_24,SMALLRAIN
ID_2Q3B7_24,SMALLRAIN
ID_ZI489_12,SMALLRAIN
ID_7wJnO_24,SMALLRAIN
ID_kHDwz_12,SMALLRAIN
ID_8jQFD_24,SMALLRAIN
ID_54Lot_12,SMALLRAIN
ID_WeHQk_12,SMALLRAIN
ID_hBEqy_12,SMALLRAIN
ID_hkFaa_24,SMALLRAIN
ID_UevBe_24,SMALLRAIN
ID_E9hm4_24,SMALLRAIN
ID_9KReX_24,SMALLRAIN
ID_Xj8G1_24,SMALLRAIN
ID_LlbOT_12,SMALLRAIN
ID_Xtd9b_24,SMALLRAIN
ID_sjlnA_12,SMALLRAIN
ID_jaAMF_12,SMALLRAIN
ID_MPMDE_12,SMALLRAIN
ID_vNUhk_12,SMALLRAIN
ID_o6jl5_12,SMALLRAIN
ID_dafsh_12,SMALLRAIN
ID_ZJzDM_12,SMALLRAIN
ID_j0CsM_24,SMALLRAIN
ID_zhWjf_12,SMALLRAIN
ID_08gCU_12,SMALLRAIN
ID_kt1Ux_24,SMALLRAIN
ID_6JXbq_24,SMALLRAIN
ID_ZJ5qM_24,SMALLRAIN
ID_TCiP5_24,SMALLRAIN
ID_aX6fp_12,SMALLRAIN
ID_1jhkQ_24,SMALLRAIN
ID_Ai4e0_24,SMALLRAIN
ID_Pb0QU_12,SMALLRAIN
ID_gOyVU_12,SMALLRAIN
ID_KKcaT_24,SMALLRAIN
ID_g17ap_12,SMALLRAIN
ID_rye3R_24,SMALLRAIN
ID_qyoiR_12,SMALLRAIN
ID_wsH1M_12,SMALLRAIN
ID_WDG7J_24,SMALLRAIN
ID_4BBQM_12,SMALLRAIN
ID_16Agf_12,SMALLRAIN
ID_8j3iG_24,SMALLRAIN
ID_ZBObN_24,SMALLRAIN
ID_Iepo6_12,SMALLRAIN
ID_XeCcP_24,SMALLRAIN
ID_vNMQS_24,SMALLRAIN
ID_XMZ5f_12,SMALLRAIN
ID_Et16V_24,SMALLRAIN
ID_juLEs_12,SMALLRAIN
ID_4msmd_24,SMALLRAIN
ID_Sgppj_12,SMALLRAIN
ID_Vpt6H_24,SMALLRAIN
ID_3g22Y_24,SMALLRAIN
ID_t3mjn_12,SMALLRAIN
ID_diVoo_24,SMALLRAIN
ID_Q3Osh_12,SMALLRAIN
ID_pRmqv_24,SMALLRAIN
ID_iwEY5_12,SMALLRAIN
ID_Afjez_12,SMALLRAIN
ID_RBVKs_24,SMALLRAIN
ID_6Umeu_12,SMALLRAIN
ID_CbkDG_24,SMALLRAIN
ID_qDv1Y_24,SMALLRAIN
ID_Mbcag_24,SMALLRAIN
ID_h2ouu_24,SMALLRAIN
ID_cosBf_12,SMALLRAIN
ID_gySQ1_24,SMALLRAIN
ID_8UqP1_12,SMALLRAIN
ID_vA692_24,SMALLRAIN
ID_IfxJv_12,SMALLRAIN
ID_PdFxJ_24,SMALLRAIN
ID_a5BQ7_12,SMALLRAIN
ID_DfIou_24,SMALLRAIN
ID_ETKnL_12,SMALLRAIN
ID_ZFfPl_24,SMALLRAIN
ID_lt0c6_12,SMALLRAIN
ID_ItCbr_12,SMALLRAIN
ID_wF6Mk_24,SMALLRAIN
ID_SKz8C_24,SMALLRAIN
ID_nKCnS_24,SMALLRAIN
ID_4OlR5_24,SMALLRAIN
ID_01hf1_24,SMALLRAIN
ID_SOd0L_12,SMALLRAIN
ID_RK4GI_12,SMALLRAIN
ID_XPe1J_12,SMALLRAIN
ID_5wZKz_12,SMALLRAIN
ID_adbaj_12,SMALLRAIN
ID_rGdZG_24,SMALLRAIN
ID_VFiYO_12,SMALLRAIN
ID_mZ80t_24,SMALLRAIN
ID_c5HRA_12,SMALLRAIN
ID_aEgv7_24,SMALLRAIN
ID_lIPXx_12,SMALLRAIN
ID_iPIF3_24,SMALLRAIN
ID_bKzHk_12,SMALLRAIN
ID_uViHT_24,SMALLRAIN
ID_PvYZw_12,SMALLRAIN
ID_OfIJv_24,SMALLRAIN
ID_3Rn4f_12,SMALLRAIN
ID_x9INi_12,SMALLRAIN
ID_uboub_24,SMALLRAIN
ID_Dmozg_12,SMALLRAIN
ID_az533_24,SMALLRAIN
ID_e9sdP_24,SMALLRAIN
ID_7cPHi_24,SMALLRAIN
ID_l1IYp_12,SMALLRAIN
ID_MiM9L_12,SMALLRAIN
ID_k0NLY_12,SMALLRAIN
ID_We0PN_24,SMALLRAIN
ID_35SII_24,SMALLRAIN
ID_TcMXv_12,SMALLRAIN
ID_xqis9_24,SMALLRAIN
ID_vavUT_12,SMALLRAIN
ID_JJNyA_24,SMALLRAIN
ID_HerUT_24,SMALLRAIN
ID_sClbY_24,SMALLRAIN
ID_In8sr_24,SMALLRAIN
ID_3MsHa_12,SMALLRAIN
ID_s4cJ9_12,SMALLRAIN
ID_9pO0X_12,SMALLRAIN
ID_915uA_12,SMALLRAIN
ID_QElpT_12,SMALLRAIN
ID_2ODH0_24,SMALLRAIN
ID_iGaOB_12,SMALLRAIN
ID_Qc1cz_12,SMALLRAIN
ID_UKsED_12,SMALLRAIN
ID_fDM4j_12,SMALLRAIN
ID_hPPKd_12,SMALLRAIN
ID_bGtP0_24,SMALLRAIN
ID_JCEjr_12,SMALLRAIN
ID_YBBNH_12,SMALLRAIN
ID_5ydce_24,SMALLRAIN
ID_wKN1y_24,SMALLRAIN
ID_dtQpf_24,SMALLRAIN
ID_3t2nE_24,SMALLRAIN
ID_pi3rx_24,SMALLRAIN
ID_a3DIb_24,SMALLRAIN
ID_2jJ5c_24,SMALLRAIN
ID_Qnyxc_12,SMALLRAIN
ID_0WJpM_24,SMALLRAIN
ID_9Odz1_24,SMALLRAIN
ID_iwItC_12,SMALLRAIN
ID_VT9gd_12,SMALLRAIN
ID_gqSTo_24,SMALLRAIN
ID_zuqCS_12,SMALLRAIN
ID_StSpk_24,SMALLRAIN
ID_lKNjj_12,SMALLRAIN
ID_NbnRk_24,SMALLRAIN
ID_Lpjwm_12,SMALLRAIN
ID_n4ofQ_12,SMALLRAIN
ID_detGD_12,SMALLRAIN
ID_FWNVp_24,SMALLRAIN
ID_SkhWq_12,SMALLRAIN
ID_fdsw6_12,SMALLRAIN
ID_o8uhT_12,SMALLRAIN
ID_8yL1i_12,SMALLRAIN
ID_z4Po8_24,SMALLRAIN
ID_Cjcmx_24,SMALLRAIN
ID_3ti9f_12,SMALLRAIN
ID_xaMPT_24,SMALLRAIN
ID_crUo2_12,SMALLRAIN
ID_loYhh_24,SMALLRAIN
ID_aSHps_12,SMALLRAIN
ID_PI63E_24,SMALLRAIN
ID_M6hpE_12,SMALLRAIN
ID_vGQm9_24,SMALLRAIN
ID_MGqc0_12,SMALLRAIN
ID_farpy_12,SMALLRAIN
ID_IaToD_24,SMALLRAIN
ID_Gcifl_24,SMALLRAIN
ID_XHOWP_12,SMALLRAIN
ID_URQsG_24,SMALLRAIN
ID_Qm9Ui_24,SMALLRAIN
ID_nTQaD_24,SMALLRAIN
ID_1spjg_12,SMALLRAIN
ID_VfvfD_12,SMALLRAIN
ID_jOUuh_12,SMALLRAIN
ID_ifocT_12,SMALLRAIN
ID_ikdUg_24,SMALLRAIN
ID_0F7Ax_24,SMALLRAIN
ID_hCZdQ_12,SMALLRAIN
ID_S9K7W_12,SMALLRAIN
ID_gyuXx_12,SMALLRAIN
ID_YcvQJ_24,SMALLRAIN
ID_exUiC_12,SMALLRAIN
ID_hhmjI_24,SMALLRAIN
ID_mxVVT_24,SMALLRAIN
ID_S60kg_12,SMALLRAIN
ID_yyiWp_24,SMALLRAIN
ID_C07hx_12,SMALLRAIN
ID_GXDqh_24,SMALLRAIN
ID_ecAtp_12,SMALLRAIN
ID_0rIqW_12,SMALLRAIN
ID_dQu7f_24,SMALLRAIN
ID_y4Cqp_12,SMALLRAIN
ID_mZEAE_24,SMALLRAIN
ID_YBBFz_24,SMALLRAIN
ID_0c7q0_24,SMALLRAIN
ID_GzrBa_24,SMALLRAIN
ID_N65ld_12,SMALLRAIN
ID_lgHld_12,SMALLRAIN
ID_zrg71_12,SMALLRAIN
ID_jNdFZ_24,SMALLRAIN
ID_rTkmV_24,SMALLRAIN
ID_Th15t_12,SMALLRAIN
ID_MeFC3_24,SMALLRAIN
ID_pShsX_24,SMALLRAIN
ID_771cx_24,SMALLRAIN
ID_Aqh6s_24,SMALLRAIN
ID_hsTC8_12,SMALLRAIN
ID_RK3vE_24,SMALLRAIN
ID_cdIFW_12,SMALLRAIN
ID_S4ZED_12,SMALLRAIN
ID_FNhbx_12,SMALLRAIN
ID_IoKt9_24,SMALLRAIN
ID_Wb95A_12,SMALLRAIN
ID_dKOsi_12,SMALLRAIN
ID_3oLay_24,SMALLRAIN
ID_LMyRB_12,SMALLRAIN
ID_l8q5N_24,SMALLRAIN
ID_f4WYt_12,SMALLRAIN
ID_SnRg4_12,SMALLRAIN
ID_kV4W6_12,SMALLRAIN
ID_JguMD_12,SMALLRAIN
ID_5a5rN_24,SMALLRAIN
ID_RIcuh_12,SMALLRAIN
ID_HHeAU_12,SMALLRAIN
ID_qbk1M_12,SMALLRAIN
ID_EeVVh_12,SMALLRAIN
ID_WjXwa_24,SMALLRAIN
ID_KlwQn_12,SMALLRAIN
ID_JAjsB_12,SMALLRAIN
ID_V3olp_24,SMALLRAIN
ID_umPuW_12,SMALLRAIN
ID_z1fA3_12,SMALLRAIN
ID_ksr6W_12,SMALLRAIN
ID_NVGak_12,SMALLRAIN
ID_HB2Ov_24,SMALLRAIN
ID_7zUHL_12,SMALLRAIN
ID_junNZ_24,SMALLRAIN
ID_INJiF_24,SMALLRAIN
ID_Eexib_12,SMALLRAIN
ID_bmHmG_24,SMALLRAIN
ID_4RyDZ_24,SMALLRAIN
ID_4cNef_24,SMALLRAIN
ID_YeVSa_12,SMALLRAIN
ID_5XnvX_12,SMALLRAIN
ID_rbn7y_12,SMALLRAIN
ID_uX9ug_12,SMALLRAIN
ID_g1qbv_12,SMALLRAIN
ID_cSQoQ_12,SMALLRAIN
ID_X1FNk_12,SMALLRAIN
ID_3jf4W_24,SMALLRAIN
ID_hGJO8_24,SMALLRAIN
ID_hmvoB_24,SMALLRAIN
ID_uNZJS_12,SMALLRAIN
ID_zRIB5_24,SMALLRAIN
ID_hVnvZ_24,SMALLRAIN
ID_QdRxQ_24,SMALLRAIN
ID_eHht4_12,SMALLRAIN
ID_WPDxM_12,SMALLRAIN
ID_UzgNw_12,SMALLRAIN
ID_3HjxF_12,SMALLRAIN
ID_9SKQn_12,SMALLRAIN
ID_Xv15U_12,SMALLRAIN
ID_NIYnq_24,SMALLRAIN
ID_M8owT_12,SMALLRAIN
ID_dbenj_12,SMALLRAIN
ID_p2048_24,SMALLRAIN
ID_S5DQe_12,SMALLRAIN
ID_IXr2h_12,SMALLRAIN
ID_Fukgp_12,SMALLRAIN
ID_OMycQ_12,SMALLRAIN
ID_LrCRB_12,SMALLRAIN
ID_xJdQ6_12,SMALLRAIN
ID_dB3yd_24,SMALLRAIN
ID_dVRAA_24,SMALLRAIN
ID_VA98G_12,SMALLRAIN
ID_BKyVA_24,SMALLRAIN
ID_PI5Pj_12,SMALLRAIN
ID_5zoiU_12,SMALLRAIN
ID_VUhqC_12,SMALLRAIN
ID_4Iejs_24,SMALLRAIN
ID_I9tnk_24,SMALLRAIN
ID_LNWUA_12,SMALLRAIN
ID_I5wOw_12,SMALLRAIN
ID_Z29HG_24,SMALLRAIN
ID_p8XOA_24,SMALLRAIN
ID_p7nNh_12,SMALLRAIN
ID_gCRS3_12,SMALLRAIN
ID_mer8R_12,SMALLRAIN
ID_Fvbgz_12,SMALLRAIN
ID_FJpxq_24,SMALLRAIN
ID_tzaEE_12,SMALLRAIN
ID_sxyI4_12,SMALLRAIN
ID_ud0ct_24,SMALLRAIN
ID_fjQU2_24,SMALLRAIN
ID_CFK3U_12,SMALLRAIN
ID_COlQv_12,SMALLRAIN
ID_zjcgx_12,SMALLRAIN
ID_ttM2E_12,SMALLRAIN
ID_qqdHf_12,SMALLRAIN
ID_T3z3a_24,SMALLRAIN
ID_VlQuf_12,SMALLRAIN
ID_3yF7o_24,SMALLRAIN
ID_r4Eh0_12,SMALLRAIN
ID_diUDX_12,SMALLRAIN
ID_5kSpb_12,SMALLRAIN
ID_N7i3w_12,SMALLRAIN
ID_C584h_12,SMALLRAIN
ID_f1zcC_12,SMALLRAIN
ID_1Ct4r_12,SMALLRAIN
ID_te4rM_12,SMALLRAIN
ID_t33Sw_24,SMALLRAIN
ID_gGeZi_12,SMALLRAIN
ID_wrRED_12,SMALLRAIN
ID_Nwo3s_24,SMALLRAIN
ID_ZPfAI_24,SMALLRAIN
ID_iWjPO_12,SMALLRAIN
ID_Rbflc_24,SMALLRAIN
ID_z41Yf_24,SMALLRAIN
ID_pYAq6_12,SMALLRAIN
ID_CtSWE_24,SMALLRAIN
ID_aQloU_12,SMALLRAIN
ID_lZ28l_24,SMALLRAIN
ID_MjKdi_12,SMALLRAIN
ID_lHueV_12,SMALLRAIN
ID_aY0vD_24,SMALLRAIN
ID_vDQR4_24,SMALLRAIN
ID_v4VoG_24,SMALLRAIN
ID_aJ2Fh_12,SMALLRAIN
ID_zoxX2_24,SMALLRAIN
ID_zN0Qo_12,SMALLRAIN
ID_FDEQV_12,SMALLRAIN
ID_WUf2d_12,SMALLRAIN
ID_sJJhH_12,SMALLRAIN
ID_zJivk_12,SMALLRAIN
ID_4Wowk_12,SMALLRAIN
ID_KbwXY_12,SMALLRAIN
ID_GcQ63_12,SMALLRAIN
ID_7xQFq_24,SMALLRAIN
ID_LFpM6_12,SMALLRAIN
ID_c1pDx_12,SMALLRAIN
ID_5YY41_24,SMALLRAIN
ID_P5V5m_12,SMALLRAIN
ID_WacWD_12,SMALLRAIN
ID_bKR5Y_12,SMALLRAIN
ID_kDaNT_24,SMALLRAIN
ID_yOUlX_12,SMALLRAIN
ID_RmUYd_24,SMALLRAIN
ID_B8zaH_24,SMALLRAIN
ID_3aloN_24,SMALLRAIN
ID_iJqHh_12,SMALLRAIN
ID_oFOJM_24,SMALLRAIN
ID_QWqrC_12,SMALLRAIN
ID_KpJet_24,SMALLRAIN
ID_rCdrI_12,SMALLRAIN
ID_VYmRo_24,SMALLRAIN
ID_4gW5S_24,SMALLRAIN
ID_fKvNP_12,SMALLRAIN
ID_RmSIi_12,SMALLRAIN
ID_3EAX4_24,SMALLRAIN
ID_lLSBi_24,SMALLRAIN
ID_ly2aN_12,SMALLRAIN
ID_H3nod_12,SMALLRAIN
ID_SigT5_24,SMALLRAIN
ID_QnHNA_12,SMALLRAIN
ID_4Os6z_12,SMALLRAIN
ID_ZkDtJ_24,SMALLRAIN
ID_eOxWh_12,SMALLRAIN
ID_bbHNR_12,SMALLRAIN
ID_JRG9v_12,SMALLRAIN
ID_RE41t_24,SMALLRAIN
ID_XksYC_24,SMALLRAIN
ID_oT2wv_12,SMALLRAIN
ID_OsZWM_24,SMALLRAIN
ID_tNmhf_24,SMALLRAIN
ID_UpIlb_24,SMALLRAIN
ID_q1m0t_12,SMALLRAIN
ID_XQmkh_12,SMALLRAIN
ID_zvU5z_24,SMALLRAIN
ID_NsnSn_12,SMALLRAIN
ID_fBLKt_24,SMALLRAIN
ID_UjdMB_12,SMALLRAIN
ID_seomf_24,SMALLRAIN
ID_YJOAb_12,SMALLRAIN
ID_4frjt_24,SMALLRAIN
ID_GIaRa_24,SMALLRAIN
ID_AeZCU_24,SMALLRAIN
ID_rHAlE_12,SMALLRAIN
ID_SMhTC_24,SMALLRAIN
ID_f94mm_24,SMALLRAIN
ID_4aSuZ_24,SMALLRAIN
ID_kFW5d_12,SMALLRAIN
ID_wYvmA_24,SMALLRAIN
ID_cHRlG_24,SMALLRAIN
ID_u2LlQ_12,SMALLRAIN
ID_p5jeP_24,SMALLRAIN
ID_dnIjx_24,SMALLRAIN
ID_idge9_12,SMALLRAIN
ID_vkMwy_24,SMALLRAIN
ID_hoCgI_12,SMALLRAIN
ID_WSWyq_12,SMALLRAIN
ID_mP3UQ_12,SMALLRAIN
ID_tlEE0_24,SMALLRAIN
ID_ihg9C_12,SMALLRAIN
ID_SCbVz_12,SMALLRAIN
ID_uIRRj_24,SMALLRAIN
ID_jHwiN_24,SMALLRAIN
ID_kiMUU_24,SMALLRAIN
ID_02WTW_24,SMALLRAIN
ID_EUavd_12,SMALLRAIN
ID_Apbha_12,SMALLRAIN
ID_0GvHM_12,SMALLRAIN
ID_BiyqZ_24,SMALLRAIN
ID_WNFkr_12,SMALLRAIN
ID_rYHgM_24,SMALLRAIN
ID_uo496_24,SMALLRAIN
ID_dkcFK_24,SMALLRAIN
ID_dZ1bS_12,SMALLRAIN
ID_VVYYf_12,SMALLRAIN
ID_2M30P_24,SMALLRAIN
ID_9BcHP_12,SMALLRAIN
ID_XD16I_24,SMALLRAIN
ID_fnfKs_24,SMALLRAIN
ID_sb8uS_12,SMALLRAIN
ID_s1ds7_12,SMALLRAIN
ID_idPbd_12,SMALLRAIN
ID_hEO3I_12,SMALLRAIN
ID_pBvR3_12,SMALLRAIN
ID_pRe28_12,SMALLRAIN
ID_hRm7W_24,SMALLRAIN
ID_cu3Gl_24,SMALLRAIN
ID_OEXfn_12,SMALLRAIN
ID_IKHQI_12,SMALLRAIN
ID_SapcK_12,SMALLRAIN
ID_TDslN_12,SMALLRAIN
ID_tG0Yh_12,SMALLRAIN
ID_Rw1m2_24,SMALLRAIN
ID_i6ZEC_24,SMALLRAIN
ID_epcvI_24,SMALLRAIN
ID_fym29_24,SMALLRAIN
ID_iy9xO_24,SMALLRAIN
ID_bPOif_24,SMALLRAIN
ID_sNfZN_24,SMALLRAIN
ID_4rY5i_24,SMALLRAIN
ID_mlhVF_12,SMALLRAIN
ID_DGEgE_24,SMALLRAIN
ID_iVbSA_24,SMALLRAIN
ID_ri5Jk_12,SMALLRAIN
ID_aDqG8_24,SMALLRAIN
ID_2tUkF_24,SMALLRAIN
ID_J3KjJ_24,SMALLRAIN
ID_W017x_24,SMALLRAIN
ID_W5fRN_24,SMALLRAIN
ID_lBY0F_24,SMALLRAIN
ID_6jOSL_24,SMALLRAIN
ID_rxBp9_12,SMALLRAIN
ID_sDY6m_24,SMALLRAIN
ID_wdznJ_24,SMALLRAIN
ID_ClZge_24,SMALLRAIN
ID_TFI84_12,SMALLRAIN
ID_lUaBG_24,SMALLRAIN
ID_WbFyh_24,SMALLRAIN
ID_MTgzg_12,SMALLRAIN
ID_COFrb_24,SMALLRAIN
ID_j2W65_24,SMALLRAIN
ID_EL37q_12,SMALLRAIN
ID_m6Kjw_24,SMALLRAIN
ID_SJHu9_12,SMALLRAIN
ID_rNH3V_12,SMALLRAIN
ID_o9t39_24,SMALLRAIN
ID_Kz9sM_24,SMALLRAIN
ID_tgsRW_12,SMALLRAIN
ID_WZoBl_12,SMALLRAIN
ID_0yX6h_24,SMALLRAIN
ID_PjfFS_24,SMALLRAIN
ID_8j8Pl_24,SMALLRAIN
ID_Hnhnf_24,SMALLRAIN
ID_6hNDd_12,SMALLRAIN
ID_0IEoS_12,SMALLRAIN
ID_8W6KY_24,SMALLRAIN
ID_JqncC_12,SMALLRAIN
ID_5lV4T_12,SMALLRAIN
ID_NDZGW_24,SMALLRAIN
ID_cn3vl_24,SMALLRAIN
ID_kxToS_12,SMALLRAIN
ID_UqSNu_24,SMALLRAIN
ID_woDym_24,SMALLRAIN
ID_mYAjf_12,SMALLRAIN
ID_ABg5U_12,SMALLRAIN
ID_AsHxy_24,SMALLRAIN
ID_ONQx8_24,SMALLRAIN
ID_4v7Nx_24,SMALLRAIN
ID_UB07l_24,SMALLRAIN
ID_FHQGQ_24,SMALLRAIN
ID_eeh5F_12,SMALLRAIN
ID_2PQzg_12,SMALLRAIN
ID_ckEI0_24,SMALLRAIN
ID_8zhvT_12,SMALLRAIN
ID_4yqLI_24,SMALLRAIN
ID_bRC0N_24,SMALLRAIN
ID_kj5Yw_12,SMALLRAIN
ID_HqB8R_24,SMALLRAIN
ID_miHX1_24,SMALLRAIN
ID_s16zt_24,SMALLRAIN
ID_KnZqc_24,SMALLRAIN
ID_za6Mr_24,SMALLRAIN
ID_sysZC_24,SMALLRAIN
ID_dTyO6_12,SMALLRAIN
ID_0pWTQ_24,SMALLRAIN
ID_ccZPJ_24,SMALLRAIN
ID_x3gCK_24,SMALLRAIN
ID_nNCVJ_12,SMALLRAIN
ID_XsPI2_24,SMALLRAIN
ID_iQB66_24,SMALLRAIN
ID_3Zzn0_12,SMALLRAIN
ID_TzPBs_24,SMALLRAIN
ID_qmqOD_12,SMALLRAIN
ID_VQm4M_24,SMALLRAIN
ID_4unT6_12,SMALLRAIN
ID_pQC9l_24,SMALLRAIN
ID_J4pmC_12,SMALLRAIN
ID_gMXAd_24,SMALLRAIN
ID_vLJWQ_24,SMALLRAIN
ID_8yowI_12,SMALLRAIN
ID_wTvMi_24,SMALLRAIN
ID_SvT6u_24,SMALLRAIN
ID_XTIFR_24,SMALLRAIN
ID_2bnfT_12,SMALLRAIN
ID_0uZLK_12,SMALLRAIN
ID_U37zB_24,SMALLRAIN
ID_OgjWV_12,SMALLRAIN
ID_1fAWZ_24,SMALLRAIN
ID_Nyrg5_24,SMALLRAIN
ID_BWrEZ_12,SMALLRAIN
ID_YFOgt_12,SMALLRAIN
ID_qZspp_24,SMALLRAIN
ID_Wzv9c_24,SMALLRAIN
ID_c4WY0_24,SMALLRAIN
ID_N52Jm_24,SMALLRAIN
ID_s6jND_24,SMALLRAIN
ID_3SlhL_24,SMALLRAIN
ID_KGVTT_12,SMALLRAIN
ID_4Ylal_24,SMALLRAIN
ID_up6aE_12,SMALLRAIN
ID_68922_12,SMALLRAIN
ID_0WfPC_12,SMALLRAIN
ID_Tu2eT_24,SMALLRAIN
ID_kfDDa_24,SMALLRAIN
ID_EHKei_24,SMALLRAIN
ID_O93ry_12,SMALLRAIN
ID_f1lFP_24,SMALLRAIN
ID_Y8FQp_24,SMALLRAIN
ID_DxKP0_24,SMALLRAIN
ID_Rml6B_24,SMALLRAIN
ID_6A1bg_12,SMALLRAIN
ID_LAQvc_24,SMALLRAIN
ID_RE6vh_12,SMALLRAIN
ID_hmUKE_24,SMALLRAIN
ID_dPMFh_12,SMALLRAIN
ID_MsFmP_12,SMALLRAIN
ID_FlJE0_12,SMALLRAIN
ID_fXjk2_12,SMALLRAIN
ID_drmwU_12,SMALLRAIN
ID_BvBvg_24,SMALLRAIN
ID_X6OwA_12,SMALLRAIN
ID_sxNbn_24,SMALLRAIN
ID_A0yui_24,SMALLRAIN
ID_V6b7D_12,SMALLRAIN
ID_0Dlgk_12,SMALLRAIN
ID_ZU9Vm_24,SMALLRAIN
ID_uMytq_24,SMALLRAIN
ID_dEnik_12,SMALLRAIN
ID_3UWpI_24,SMALLRAIN
ID_DoRDw_12,SMALLRAIN
ID_Qic7e_12,SMALLRAIN
ID_W0JG6_12,SMALLRAIN
ID_iZfKG_24,SMALLRAIN
ID_Tlx5D_24,SMALLRAIN
ID_rq3On_12,SMALLRAIN
ID_LqPCH_12,SMALLRAIN
ID_zEAys_24,SMALLRAIN
ID_A5591_24,SMALLRAIN
ID_pK3UV_24,SMALLRAIN
ID_HYviZ_12,SMALLRAIN
ID_KLQYE_24,SMALLRAIN
ID_4eQFL_12,SMALLRAIN
ID_lXSgi_24,SMALLRAIN
ID_c4Ybn_24,SMALLRAIN
ID_EpWxM_12,SMALLRAIN
ID_lAwhP_12,SMALLRAIN
ID_WQ2tY_24,SMALLRAIN
ID_YLZad_12,SMALLRAIN
ID_nmRKS_12,SMALLRAIN
ID_YIcz2_12,SMALLRAIN
ID_EH3W3_24,SMALLRAIN
ID_tNBVB_12,SMALLRAIN
ID_E94rn_24,SMALLRAIN
ID_on1M4_12,SMALLRAIN
ID_rrkVD_12,SMALLRAIN
ID_18GPS_12,SMALLRAIN
ID_gD8Ld_12,SMALLRAIN
ID_kpyj8_12,SMALLRAIN
ID_HfNfi_24,SMALLRAIN
ID_M6EQi_24,SMALLRAIN
ID_lpY2q_12,SMALLRAIN
ID_rydR9_24,SMALLRAIN
ID_YfmiE_12,SMALLRAIN
ID_uskkS_12,SMALLRAIN
ID_gxLCq_12,SMALLRAIN
ID_jVom3_12,SMALLRAIN
ID_k2k59_12,SMALLRAIN
ID_fYpWN_24,SMALLRAIN
ID_t1KZW_12,SMALLRAIN
ID_tRFFP_12,SMALLRAIN
ID_ROmRB_12,SMALLRAIN
ID_kabPk_12,SMALLRAIN
ID_Uo8k2_24,SMALLRAIN
ID_4fxyc_24,SMALLRAIN
ID_RoIHS_24,SMALLRAIN
ID_VKUAq_12,SMALLRAIN
ID_C8810_12,SMALLRAIN
ID_SvGbc_12,SMALLRAIN
ID_ikdUt_12,SMALLRAIN
ID_E9X3g_12,SMALLRAIN
ID_w1CoZ_24,SMALLRAIN
ID_WlNXr_24,SMALLRAIN
ID_6fYW5_24,SMALLRAIN
ID_20Vyz_24,SMALLRAIN
ID_LET8W_24,SMALLRAIN
ID_WrERx_12,SMALLRAIN
ID_XH4CT_12,SMALLRAIN
ID_3mTii_12,SMALLRAIN
ID_Ru99K_12,SMALLRAIN
ID_AdHVD_24,SMALLRAIN
ID_HwInv_24,SMALLRAIN
ID_ytxxH_24,SMALLRAIN
ID_BH26C_24,SMALLRAIN
ID_kNHie_12,SMALLRAIN
ID_nHmX1_12,SMALLRAIN
ID_S073z_12,SMALLRAIN
ID_JpRa5_24,SMALLRAIN
ID_pmuXH_24,SMALLRAIN
ID_Fo8pe_12,SMALLRAIN
ID_SDqAb_12,SMALLRAIN
ID_LcBgL_12,SMALLRAIN
ID_HfEqf_24,SMALLRAIN
ID_cGRZy_24,SMALLRAIN
ID_DqSsT_24,SMALLRAIN
ID_3GItk_12,SMALLRAIN
ID_X5VoV_12,SMALLRAIN
ID_XAQX1_24,SMALLRAIN
ID_xgX9L_12,SMALLRAIN
ID_eI779_24,SMALLRAIN
ID_ZS0IE_24,SMALLRAIN
ID_DIq2A_24,SMALLRAIN
ID_wg7n4_12,SMALLRAIN
ID_gisNB_24,SMALLRAIN
ID_QjPsY_12,SMALLRAIN
ID_1fXWT_12,SMALLRAIN
ID_okFwG_24,SMALLRAIN
ID_kngot_12,SMALLRAIN
ID_nRQSI_24,SMALLRAIN
ID_eLqNR_24,SMALLRAIN
ID_zsCQ9_24,SMALLRAIN
ID_3E6Rs_12,SMALLRAIN
ID_GtHY4_24,SMALLRAIN
ID_4EMg9_12,SMALLRAIN
ID_4xhya_12,SMALLRAIN
ID_foHBW_12,SMALLRAIN
ID_CZuw9_24,SMALLRAIN
ID_jWVRS_12,SMALLRAIN
ID_OC5Ou_24,SMALLRAIN
ID_BrdwM_12,SMALLRAIN
ID_IASTU_12,SMALLRAIN
ID_wqFV7_12,SMALLRAIN
ID_OIjcu_24,SMALLRAIN
ID_XV06X_12,SMALLRAIN
ID_WUy4L_24,SMALLRAIN
ID_EWGtE_24,SMALLRAIN
ID_D5SIb_12,SMALLRAIN
ID_E1swd_24,SMALLRAIN
ID_RWExy_24,SMALLRAIN
ID_L3gfg_12,SMALLRAIN
ID_Uin8n_12,SMALLRAIN
ID_vUTt7_12,SMALLRAIN
ID_RWd6Y_24,SMALLRAIN
ID_MZmJg_12,SMALLRAIN
ID_m2g6j_24,SMALLRAIN
ID_GH0tn_24,SMALLRAIN
ID_WRJKV_24,SMALLRAIN
ID_D3Shc_24,SMALLRAIN
ID_hxXdC_24,SMALLRAIN
ID_8Vi7b_24,SMALLRAIN
ID_2VvkQ_12,SMALLRAIN
ID_QgeGB_24,SMALLRAIN
ID_yceiA_12,SMALLRAIN
ID_1fpYE_12,SMALLRAIN
ID_3IxLG_24,SMALLRAIN
ID_4QGeu_24,SMALLRAIN
ID_fKXhd_24,SMALLRAIN
ID_VAZ2S_12,SMALLRAIN
ID_jNBKa_12,SMALLRAIN
ID_7dxn9_12,SMALLRAIN
ID_69Yiw_24,SMALLRAIN
ID_9ZGkj_12,SMALLRAIN
ID_nJ0Hk_24,SMALLRAIN
ID_MPpP5_24,SMALLRAIN
ID_yXT7D_12,SMALLRAIN
ID_GpOdf_24,SMALLRAIN
ID_tRyni_24,SMALLRAIN
ID_E8yaA_12,SMALLRAIN
ID_FpBxb_12,SMALLRAIN
ID_cKSC6_12,SMALLRAIN
ID_og3St_12,SMALLRAIN
ID_GF9Iy_24,SMALLRAIN
ID_agkKj_24,SMALLRAIN
ID_CXhjm_12,SMALLRAIN
ID_9crUz_12,SMALLRAIN
ID_OyCfR_24,SMALLRAIN
ID_0Sf3a_24,SMALLRAIN
ID_aRB69_24,SMALLRAIN
ID_BvvUI_12,SMALLRAIN
ID_HErRQ_12,SMALLRAIN
ID_Y01uM_24,SMALLRAIN
ID_W8jl0_24,SMALLRAIN
ID_1tqDW_12,SMALLRAIN
ID_P0st9_12,SMALLRAIN
ID_zcWx3_12,SMALLRAIN
ID_9LHZO_12,SMALLRAIN
ID_7GrCy_12,SMALLRAIN
ID_TGulW_24,SMALLRAIN
ID_YV20v_24,SMALLRAIN
ID_6TZqL_24,SMALLRAIN
ID_R4YoL_12,SMALLRAIN
ID_ae1qD_24,SMALLRAIN
ID_7fAvK_24,SMALLRAIN
ID_CFx2C_12,SMALLRAIN
ID_u5EZB_24,SMALLRAIN
ID_yRxPB_24,SMALLRAIN
ID_o24iq_12,SMALLRAIN
ID_3h6lb_12,SMALLRAIN
ID_sfRNa_24,SMALLRAIN
ID_9Vj0O_24,SMALLRAIN
ID_bXoGU_24,SMALLRAIN
ID_FtYdh_12,SMALLRAIN
ID_fqu3l_12,SMALLRAIN
ID_ejLAU_24,SMALLRAIN
ID_Ne9vn_24,SMALLRAIN
ID_MabQD_12,SMALLRAIN
ID_9enq5_24,SMALLRAIN
ID_W1n9U_24,SMALLRAIN
ID_O7ndc_12,SMALLRAIN
ID_VlajJ_24,SMALLRAIN
ID_89MUD_24,SMALLRAIN
ID_2Lpi7_24,SMALLRAIN
ID_4Le0A_12,SMALLRAIN
ID_phlhH_24,SMALLRAIN
ID_tCpOJ_24,SMALLRAIN
ID_wXPqM_12,SMALLRAIN
ID_eerS7_24,SMALLRAIN
ID_V58xV_24,SMALLRAIN
ID_gv6sT_24,SMALLRAIN
ID_0vh3P_24,SMALLRAIN
ID_SF8dB_24,SMALLRAIN
ID_R1Jn7_12,SMALLRAIN
ID_JDvMI_24,SMALLRAIN
ID_uNJ0e_24,SMALLRAIN
ID_2FUnm_12,SMALLRAIN
ID_ZDjqt_12,SMALLRAIN
ID_RLCuD_12,SMALLRAIN
ID_hYwnN_24,SMALLRAIN
ID_y6TpJ_24,SMALLRAIN
ID_QDwRx_24,SMALLRAIN
ID_eWsho_24,SMALLRAIN
ID_jpydo_24,SMALLRAIN
ID_l3yym_24,SMALLRAIN
ID_P7tS6_24,SMALLRAIN
ID_4yHw1_24,SMALLRAIN
ID_5KyFl_24,SMALLRAIN
ID_YaRgB_12,SMALLRAIN
ID_3BS4e_12,SMALLRAIN
ID_fVHHT_24,SMALLRAIN
ID_Qi03i_24,SMALLRAIN
ID_9aDaI_12,SMALLRAIN
ID_Jl7WR_24,SMALLRAIN
ID_Sm68W_12,SMALLRAIN
ID_s4SOF_12,SMALLRAIN
ID_bbUCu_24,SMALLRAIN
ID_37ldU_24,SMALLRAIN
ID_PySGJ_12,SMALLRAIN
ID_7kXrV_24,SMALLRAIN
ID_zo8Vh_24,SMALLRAIN
ID_6NJ22_24,SMALLRAIN
ID_UhqmD_24,SMALLRAIN
ID_QmiIs_12,SMALLRAIN
ID_Oapvr_12,SMALLRAIN
ID_3uJI4_24,SMALLRAIN
ID_e9DyF_24,SMALLRAIN
ID_aVH4F_12,SMALLRAIN
ID_qXkJN_12,SMALLRAIN
ID_2qFl4_12,SMALLRAIN
ID_mnlm2_24,SMALLRAIN
ID_BqNxx_12,SMALLRAIN
ID_WlMMA_12,SMALLRAIN
ID_QNcxk_12,SMALLRAIN
ID_tJzaQ_12,SMALLRAIN
ID_NZQjk_12,SMALLRAIN
ID_GR3M7_12,SMALLRAIN
ID_2SgnS_24,SMALLRAIN
ID_A5OnR_12,SMALLRAIN
ID_AcOuv_24,SMALLRAIN
ID_iMb2J_12,SMALLRAIN
ID_IH1YI_12,SMALLRAIN
ID_mMywX_24,SMALLRAIN
ID_TKwBC_12,SMALLRAIN
ID_NfUKK_12,SMALLRAIN
ID_dFi2s_12,SMALLRAIN
ID_naMjE_12,SMALLRAIN
ID_nkGMP_24,SMALLRAIN
ID_apXHy_12,SMALLRAIN
ID_8bdVY_12,SMALLRAIN
ID_gz8H7_24,SMALLRAIN
ID_ihTC1_12,SMALLRAIN
ID_Se5ds_12,SMALLRAIN
ID_zqs02_12,SMALLRAIN
ID_nbEI0_24,SMALLRAIN
ID_O3kER_12,SMALLRAIN
ID_slo7f_24,SMALLRAIN
ID_4Isux_12,SMALLRAIN
ID_oJgJa_12,SMALLRAIN
ID_NwszR_12,SMALLRAIN
ID_RFL3Q_12,SMALLRAIN
ID_p9tsy_24,SMALLRAIN
ID_us3mC_24,SMALLRAIN
ID_hbZvj_24,SMALLRAIN
ID_OMoXH_12,SMALLRAIN
ID_Mg2e5_24,SMALLRAIN
ID_tvWuM_24,SMALLRAIN
ID_hTCXX_24,SMALLRAIN
ID_iLnGS_24,SMALLRAIN
ID_Pj44O_12,SMALLRAIN
ID_UHxal_12,SMALLRAIN
ID_UzsrT_24,SMALLRAIN
ID_urt1n_12,SMALLRAIN
ID_vRDcT_12,SMALLRAIN
ID_f3l48_24,SMALLRAIN
ID_ToauF_12,SMALLRAIN
ID_Uyqu9_12,SMALLRAIN
ID_iCQiz_12,SMALLRAIN
ID_JijlS_12,SMALLRAIN
ID_7XFiD_12,SMALLRAIN
ID_Q9BpF_24,SMALLRAIN
ID_Xjwjz_24,SMALLRAIN
ID_79EVD_24,SMALLRAIN
ID_dFtCd_24,SMALLRAIN
ID_47Y4n_24,SMALLRAIN
ID_87MB9_24,SMALLRAIN
ID_ZmsVC_24,SMALLRAIN
ID_A3Df6_12,SMALLRAIN
ID_lzSsZ_24,SMALLRAIN
ID_qwNB9_24,SMALLRAIN
ID_oX67n_12,SMALLRAIN
ID_2BiBt_24,SMALLRAIN
ID_yMPVu_24,SMALLRAIN
ID_PcL6w_24,SMALLRAIN
ID_1Pm1m_24,SMALLRAIN
ID_lWXgL_12,SMALLRAIN
ID_S5dPr_12,SMALLRAIN
ID_Jfjmn_24,SMALLRAIN
ID_zK9dB_12,SMALLRAIN
ID_yoIY7_12,SMALLRAIN
ID_7NOCb_12,SMALLRAIN
ID_GuiHb_12,SMALLRAIN
ID_O4LQv_24,SMALLRAIN
ID_pHMIZ_12,SMALLRAIN
ID_UoMXg_12,SMALLRAIN
ID_OBTFm_24,SMALLRAIN
ID_2215G_12,SMALLRAIN
ID_cmVbZ_24,SMALLRAIN
ID_p6iY0_12,SMALLRAIN
ID_AY1R3_24,SMALLRAIN
ID_iK3wA_24,SMALLRAIN
ID_WDeJ7_12,SMALLRAIN
ID_D50je_24,SMALLRAIN
ID_8OOTb_12,SMALLRAIN
ID_QPkRb_24,SMALLRAIN
ID_3kFgr_12,SMALLRAIN
ID_9kiCy_12,SMALLRAIN
ID_L7cyH_24,SMALLRAIN
ID_i4ojs_12,SMALLRAIN
ID_1DCqN_24,SMALLRAIN
ID_n8PaS_24,SMALLRAIN
ID_DNtbL_12,SMALLRAIN
ID_DwZqT_24,SMALLRAIN
ID_Yj8nr_24,SMALLRAIN
ID_7h6it_12,SMALLRAIN
ID_sN8O3_24,SMALLRAIN
ID_AbhAY_24,SMALLRAIN
ID_84To5_12,SMALLRAIN
ID_RXVA2_12,SMALLRAIN
ID_qexjC_12,SMALLRAIN
ID_e8cXE_12,SMALLRAIN
ID_z2S8U_24,SMALLRAIN
ID_45Asc_24,SMALLRAIN
ID_tUwMD_12,SMALLRAIN
ID_Ba6fF_12,SMALLRAIN
ID_BHAZU_24,SMALLRAIN
ID_sjxwv_12,SMALLRAIN
ID_21eJs_12,SMALLRAIN
ID_fGvpC_12,SMALLRAIN
ID_PDgHW_12,SMALLRAIN
ID_4izeh_24,SMALLRAIN
ID_eD85E_24,SMALLRAIN
ID_VApjC_12,SMALLRAIN
ID_nniHS_12,SMALLRAIN
ID_PxLPE_24,SMALLRAIN
ID_6RWli_24,SMALLRAIN
ID_JNV32_12,SMALLRAIN
ID_9YaeR_24,SMALLRAIN
ID_RvCA4_12,SMALLRAIN
ID_QQcfa_12,SMALLRAIN
ID_1NsBE_12,SMALLRAIN
ID_TfYvA_12,SMALLRAIN
ID_JRINY_24,SMALLRAIN
ID_nXor0_12,SMALLRAIN
ID_ZYQ3P_12,SMALLRAIN
ID_PR74p_12,SMALLRAIN
ID_YAfw3_24,SMALLRAIN
ID_7W491_24,SMALLRAIN
ID_fsyPx_24,SMALLRAIN
ID_gj0xS_24,SMALLRAIN
ID_kqFiy_12,SMALLRAIN
ID_kINPS_12,SMALLRAIN
ID_YK05P_24,SMALLRAIN
ID_wJQmh_12,SMALLRAIN
ID_oPUZQ_12,SMALLRAIN
ID_UPiW8_24,SMALLRAIN
ID_D20NV_12,SMALLRAIN
ID_wcm4w_12,SMALLRAIN
ID_OgQC7_24,SMALLRAIN
ID_iNzJF_24,SMALLRAIN
ID_YTH8x_24,SMALLRAIN
ID_hrHUs_12,SMALLRAIN
ID_KZ5oe_24,SMALLRAIN
ID_yplrQ_12,SMALLRAIN
ID_h4uUf_12,SMALLRAIN
ID_wieCu_12,SMALLRAIN
ID_HPlmh_12,SMALLRAIN
ID_xQAI6_12,SMALLRAIN
ID_91wST_24,SMALLRAIN
ID_TwOEW_24,SMALLRAIN
ID_z0Cka_24,SMALLRAIN
ID_4MM7Q_12,SMALLRAIN
ID_xkck0_12,SMALLRAIN
ID_GcIQF_24,SMALLRAIN
ID_y29lv_12,SMALLRAIN
ID_Rl3gt_24,SMALLRAIN
ID_Uaedm_24,SMALLRAIN
ID_HkOwO_12,SMALLRAIN
ID_82V3F_12,SMALLRAIN
ID_FPXQA_12,SMALLRAIN
ID_rHel6_24,SMALLRAIN
ID_Z8N2u_12,SMALLRAIN
ID_Opim9_12,SMALLRAIN
ID_mBaHz_12,SMALLRAIN
ID_d26UM_24,SMALLRAIN
ID_7GaZp_24,SMALLRAIN
ID_SRzIG_24,SMALLRAIN
ID_yzn3f_12,SMALLRAIN
ID_OKkoJ_12,SMALLRAIN
ID_DoNen_24,SMALLRAIN
ID_PAC5a_12,SMALLRAIN
ID_V3lv7_12,SMALLRAIN
ID_kkzgu_12,SMALLRAIN
ID_Rgx8F_12,SMALLRAIN
ID_S1Oco_12,SMALLRAIN
ID_P6j77_12,SMALLRAIN
ID_bDFaF_12,SMALLRAIN
ID_t7tlm_12,SMALLRAIN
ID_TIFNd_24,SMALLRAIN
ID_lvf06_12,SMALLRAIN
ID_kQOsC_12,SMALLRAIN
ID_BovCz_24,SMALLRAIN
ID_nvzGy_12,SMALLRAIN
ID_dDIBu_24,SMALLRAIN
ID_GFZDz_24,SMALLRAIN
ID_gGaL9_24,SMALLRAIN
ID_JlC8v_12,SMALLRAIN
ID_f1BZz_24,SMALLRAIN
ID_I39nu_12,SMALLRAIN
ID_p7Y8a_24,SMALLRAIN
ID_872pI_24,SMALLRAIN
ID_n67Cb_24,SMALLRAIN
ID_tqbov_24,SMALLRAIN
ID_UWHAt_24,SMALLRAIN
ID_EuXVw_12,SMALLRAIN
ID_jqZUg_12,SMALLRAIN
ID_0O1Vf_24,SMALLRAIN
ID_6RXiF_24,SMALLRAIN
ID_yMeSz_12,SMALLRAIN
ID_viNj8_12,SMALLRAIN
ID_Wq5D1_24,SMALLRAIN
ID_NZ8tt_12,SMALLRAIN
ID_vIgiw_24,SMALLRAIN
ID_soXTa_24,SMALLRAIN
ID_vYuN6_12,SMALLRAIN
ID_rrYVg_24,SMALLRAIN
ID_XZnhI_12,SMALLRAIN
ID_DYYXl_12,SMALLRAIN
ID_A8Bek_24,SMALLRAIN
ID_qg3TK_12,SMALLRAIN
ID_BzJpT_12,SMALLRAIN
ID_VcN4b_12,SMALLRAIN
ID_KBI2Z_24,SMALLRAIN
ID_lTh2m_24,SMALLRAIN
ID_UZNWu_12,SMALLRAIN
ID_r6SgY_12,SMALLRAIN
ID_HLy6u_24,SMALLRAIN
ID_3odEl_24,SMALLRAIN
ID_zp2bj_24,SMALLRAIN
ID_Wobtq_24,SMALLRAIN
ID_Xwuif_24,SMALLRAIN
ID_papwY_24,SMALLRAIN
ID_IvbPw_24,SMALLRAIN
ID_woFsQ_12,SMALLRAIN
ID_yCFE0_12,SMALLRAIN
ID_aH02q_24,SMALLRAIN
ID_Jhq8p_12,SMALLRAIN
ID_RJ3Fq_12,SMALLRAIN
ID_P3otq_12,SMALLRAIN
ID_zeGet_24,SMALLRAIN
ID_7zhn9_12,SMALLRAIN
ID_y0EFu_12,SMALLRAIN
ID_7SVE2_12,SMALLRAIN
ID_db04R_24,SMALLRAIN
ID_NUcyC_24,SMALLRAIN
ID_sdBMb_24,SMALLRAIN
ID_k1Epi_24,SMALLRAIN
ID_t3nRf_24,SMALLRAIN
ID_lBiNe_12,SMALLRAIN
ID_tGPs6_12,SMALLRAIN
ID_jrh0K_24,SMALLRAIN
ID_SAjEX_24,SMALLRAIN
ID_PNgMW_12,SMALLRAIN
ID_oDjqT_12,SMALLRAIN
ID_AJMjc_12,SMALLRAIN
ID_BAxt3_12,SMALLRAIN
ID_A1SAt_12,SMALLRAIN
ID_GNoPx_24,SMALLRAIN
ID_bJnTF_24,SMALLRAIN
ID_ekOZy_12,SMALLRAIN
ID_D51Dv_12,SMALLRAIN
ID_PbVEP_24,SMALLRAIN
ID_DHZ3q_12,SMALLRAIN
ID_enxp3_24,SMALLRAIN
ID_d9PxR_24,SMALLRAIN
ID_plJb3_24,SMALLRAIN
ID_RN1ZZ_24,SMALLRAIN
ID_D6z9N_24,SMALLRAIN
ID_EbcE4_12,SMALLRAIN
ID_lbdHl_12,SMALLRAIN
ID_9hgiV_12,SMALLRAIN
ID_MM0jQ_12,SMALLRAIN
ID_TR63m_12,SMALLRAIN
ID_540Jk_24,SMALLRAIN
ID_7LVJe_24,SMALLRAIN
ID_4JVwL_24,SMALLRAIN
ID_JpB3j_24,SMALLRAIN
ID_vOgWx_12,SMALLRAIN
ID_76Rr9_12,SMALLRAIN
ID_HH9sa_24,SMALLRAIN
ID_cd1yp_24,SMALLRAIN
ID_kLNNI_24,SMALLRAIN
ID_CbS5O_12,SMALLRAIN
ID_D2L5Y_12,SMALLRAIN
ID_J7ZQl_12,SMALLRAIN
ID_UxV7w_12,SMALLRAIN
ID_MMBOQ_24,SMALLRAIN
ID_QCXOq_24,SMALLRAIN
ID_OQBbR_24,SMALLRAIN
ID_6o26J_12,SMALLRAIN
ID_gz0dg_24,SMALLRAIN
ID_qWCA7_24,SMALLRAIN
ID_wopOV_24,SMALLRAIN
ID_qjdte_24,SMALLRAIN
ID_zbHwS_24,SMALLRAIN
ID_G6RCd_12,SMALLRAIN
ID_HhAlm_12,SMALLRAIN
ID_2sNFy_24,SMALLRAIN
ID_S0qsa_12,SMALLRAIN
ID_ucSML_12,SMALLRAIN
ID_ulpGo_24,SMALLRAIN
ID_pZHav_24,SMALLRAIN
ID_m7jRK_24,SMALLRAIN
ID_5FH7t_24,SMALLRAIN
ID_I8B11_12,SMALLRAIN
ID_5FK6V_12,SMALLRAIN
ID_njhza_24,SMALLRAIN
ID_DKNqL_24,SMALLRAIN
ID_hIbCY_12,SMALLRAIN
ID_H9DWw_24,SMALLRAIN
ID_1mnRu_12,SMALLRAIN
ID_a9zhs_24,SMALLRAIN
ID_PjZXK_12,SMALLRAIN
ID_UkxRF_24,SMALLRAIN
ID_t5z4V_24,SMALLRAIN
ID_2CmQT_12,SMALLRAIN
ID_I9zfx_24,SMALLRAIN
ID_JExMt_24,SMALLRAIN
ID_M6HMH_12,SMALLRAIN
ID_rfhrX_12,SMALLRAIN
ID_oDMwE_24,SMALLRAIN
ID_rjP6M_24,SMALLRAIN
ID_EIBwy_12,SMALLRAIN
ID_ciuDC_12,SMALLRAIN
ID_7KaCL_24,SMALLRAIN
ID_D0ese_24,SMALLRAIN
ID_huFO2_24,SMALLRAIN
ID_mM99U_12,SMALLRAIN
ID_99XYd_24,SMALLRAIN
ID_jEf1X_12,SMALLRAIN
ID_Shcxg_24,SMALLRAIN
ID_aP7rN_24,SMALLRAIN
ID_LrVAb_12,SMALLRAIN
ID_3bQxA_24,SMALLRAIN
ID_7wwBK_12,SMALLRAIN
ID_uPGtk_12,SMALLRAIN
ID_pBamE_24,SMALLRAIN
ID_XsqwL_12,SMALLRAIN
ID_jWTyz_12,SMALLRAIN
ID_wGUxm_12,SMALLRAIN
ID_faO4s_24,SMALLRAIN
ID_nipua_24,SMALLRAIN
ID_znwzE_12,SMALLRAIN
ID_cG0rI_24,SMALLRAIN
ID_Laa0u_12,SMALLRAIN
ID_NMqac_24,SMALLRAIN
ID_02g2r_12,SMALLRAIN
ID_m8sZd_12,SMALLRAIN
ID_jI8rO_24,SMALLRAIN
ID_7TXOK_24,SMALLRAIN
ID_jKWsk_12,SMALLRAIN
ID_tcwaU_24,SMALLRAIN
ID_xG7YX_12,SMALLRAIN
ID_oP0D1_24,SMALLRAIN
ID_WUFbE_12,SMALLRAIN
ID_rPSVB_24,SMALLRAIN
ID_z8ZQH_12,SMALLRAIN
ID_1efoy_12,SMALLRAIN
ID_SZiVz_24,SMALLRAIN
ID_Znx84_24,SMALLRAIN
ID_AA9dM_12,SMALLRAIN
ID_3Pque_12,SMALLRAIN
ID_rMiZb_12,SMALLRAIN
ID_KJ1zi_24,SMALLRAIN
ID_F2MpS_24,SMALLRAIN
ID_orRMs_12,SMALLRAIN
ID_bLZzI_24,SMALLRAIN
ID_lEiVn_24,SMALLRAIN
ID_cwpuJ_24,SMALLRAIN
ID_Cn6zT_24,SMALLRAIN
ID_ZKerJ_12,SMALLRAIN
ID_KffiY_24,SMALLRAIN
ID_jnt92_24,SMALLRAIN
ID_iMIXS_24,SMALLRAIN
ID_nU1MY_24,SMALLRAIN
ID_paqM0_24,SMALLRAIN
ID_85v2e_12,SMALLRAIN
ID_vT4md_12,SMALLRAIN
ID_m4WvP_24,SMALLRAIN
ID_6kH63_24,SMALLRAIN
ID_pzsxA_24,SMALLRAIN
ID_NBX7r_12,SMALLRAIN
ID_BskEu_12,SMALLRAIN
ID_2Xod1_12,SMALLRAIN
ID_18pM1_24,SMALLRAIN
ID_Yfy4T_12,SMALLRAIN
ID_gFP0x_12,SMALLRAIN
ID_JhVwP_24,SMALLRAIN
ID_9WU0Y_24,SMALLRAIN
ID_5o62n_12,SMALLRAIN
ID_naEx0_24,SMALLRAIN
ID_ee5qd_12,SMALLRAIN
ID_rzx7I_24,SMALLRAIN
ID_DcRoD_24,SMALLRAIN
ID_wBBfs_24,SMALLRAIN
ID_39Kb9_12,SMALLRAIN
ID_IPfEn_24,SMALLRAIN
ID_NRXho_12,SMALLRAIN
ID_ejTrq_12,SMALLRAIN
ID_ktbLe_12,SMALLRAIN
ID_UT3oa_12,SMALLRAIN
ID_6yotw_12,SMALLRAIN
ID_qpQ1v_12,SMALLRAIN
ID_GVHAm_24,SMALLRAIN
ID_5lfA8_24,SMALLRAIN
ID_IwtSI_24,SMALLRAIN
ID_582D8_24,SMALLRAIN
ID_4WKsV_24,SMALLRAIN
ID_o1mz9_12,SMALLRAIN
ID_6Q3dS_12,SMALLRAIN
ID_uJJEv_12,SMALLRAIN
ID_LIflZ_24,SMALLRAIN
ID_F1pfP_12,SMALLRAIN
ID_5gWsf_12,SMALLRAIN
ID_9TbNi_12,SMALLRAIN
ID_Gpq7h_12,SMALLRAIN
ID_up9Aq_12,SMALLRAIN
ID_R8Baq_24,SMALLRAIN
ID_lQSoi_24,SMALLRAIN
ID_9dNj0_12,SMALLRAIN
ID_gS4Q9_12,SMALLRAIN
ID_zBzCX_12,SMALLRAIN
ID_5gecm_12,SMALLRAIN
ID_LU6oD_12,SMALLRAIN
ID_bmIZb_24,SMALLRAIN
ID_XUdUw_24,SMALLRAIN
ID_mbML7_24,SMALLRAIN
ID_S8ppv_12,SMALLRAIN
ID_eWncp_12,SMALLRAIN
ID_X7O0G_12,SMALLRAIN
ID_Vwwq2_24,SMALLRAIN
ID_zu7e0_12,SMALLRAIN
ID_3uUi9_24,SMALLRAIN
ID_SMqHN_24,SMALLRAIN
ID_R1sGz_24,SMALLRAIN
ID_grJ4q_24,SMALLRAIN
ID_JLfYO_24,SMALLRAIN
ID_Uj0ic_24,SMALLRAIN
ID_A9qQC_12,SMALLRAIN
ID_qbP8r_24,SMALLRAIN
ID_LAwN1_24,SMALLRAIN
ID_p7EDV_24,SMALLRAIN
ID_EZviR_24,SMALLRAIN
ID_qhhVc_24,SMALLRAIN
ID_mT1dk_24,SMALLRAIN
ID_oCXB1_12,SMALLRAIN
ID_hHi6l_24,SMALLRAIN
ID_cusTz_12,SMALLRAIN
ID_gwduN_12,SMALLRAIN
ID_dhpeP_24,SMALLRAIN
ID_3w8uz_12,SMALLRAIN
ID_dX1Ox_24,SMALLRAIN
ID_IJqF5_24,SMALLRAIN
ID_2TXJA_12,SMALLRAIN
ID_ujrQy_12,SMALLRAIN
ID_4eZN2_24,SMALLRAIN
ID_2t66p_24,SMALLRAIN
ID_RlmOo_12,SMALLRAIN
ID_G0k3K_12,SMALLRAIN
ID_G9ssn_12,SMALLRAIN
ID_L2jZj_12,SMALLRAIN
ID_fJYBp_24,SMALLRAIN
ID_fGcn1_12,SMALLRAIN
ID_C6NmH_24,SMALLRAIN
ID_yAzc5_24,SMALLRAIN
ID_JCCw4_24,SMALLRAIN
ID_kIuSW_12,SMALLRAIN
ID_q1429_24,SMALLRAIN
ID_Je2mz_12,SMALLRAIN
ID_NEcUT_12,SMALLRAIN
ID_fqWCG_24,SMALLRAIN
ID_p7jxX_12,SMALLRAIN
ID_jU6AU_12,SMALLRAIN
ID_mEncs_24,SMALLRAIN
ID_DWrJ9_24,SMALLRAIN
ID_mKVcb_24,SMALLRAIN
ID_j1lSA_24,SMALLRAIN
ID_Mh5lq_12,SMALLRAIN
ID_SBKYz_24,SMALLRAIN
ID_2QJZG_12,SMALLRAIN
ID_PuZVF_24,SMALLRAIN
ID_tGq62_12,SMALLRAIN
ID_qai6B_24,SMALLRAIN
ID_Sp4oS_12,SMALLRAIN
ID_16gSw_24,SMALLRAIN
ID_avBGy_12,SMALLRAIN
ID_eU4ml_24,SMALLRAIN
ID_RSnE9_24,SMALLRAIN
ID_aIfWQ_24,SMALLRAIN
ID_HiyXH_24,SMALLRAIN
ID_NgKB6_24,SMALLRAIN
ID_ZXfVq_24,SMALLRAIN
ID_lw6gA_12,SMALLRAIN
ID_OVgWf_24,SMALLRAIN
ID_KvbsD_24,SMALLRAIN
ID_FHKTe_12,SMALLRAIN
ID_SFOAh_12,SMALLRAIN
ID_st0Ei_24,SMALLRAIN
ID_RctqW_24,SMALLRAIN
ID_A6XCS_12,SMALLRAIN
ID_RPa21_12,SMALLRAIN
ID_U9XZn_24,SMALLRAIN
ID_xy3cS_24,SMALLRAIN
ID_U1SS8_12,SMALLRAIN
ID_u8Uud_24,SMALLRAIN
ID_KmtcB_24,SMALLRAIN
ID_uJ26i_12,SMALLRAIN
ID_XTeLY_24,SMALLRAIN
ID_yiBd7_12,SMALLRAIN
ID_REcum_24,SMALLRAIN
ID_084pZ_24,SMALLRAIN
ID_c36LL_12,SMALLRAIN
ID_bEccE_24,SMALLRAIN
ID_P3LAb_12,SMALLRAIN
ID_6sX2A_24,SMALLRAIN
ID_r0aYF_24,SMALLRAIN
ID_9VHjD_24,SMALLRAIN
ID_KUqYT_12,SMALLRAIN
ID_DW4Ni_12,SMALLRAIN
ID_SNsBr_24,SMALLRAIN
ID_gixwf_12,SMALLRAIN
ID_gaGJW_24,SMALLRAIN
ID_7RDvA_24,SMALLRAIN
ID_xxL8p_12,SMALLRAIN
ID_g4yni_12,SMALLRAIN
ID_NNXiy_12,SMALLRAIN
ID_B4LvZ_24,SMALLRAIN
ID_ye8pJ_24,SMALLRAIN
ID_auMrA_12,SMALLRAIN
ID_xAaNJ_12,SMALLRAIN
ID_fa6Wh_24,SMALLRAIN
ID_2hza0_12,SMALLRAIN
ID_sAlYg_24,SMALLRAIN
ID_J0oFz_24,SMALLRAIN
ID_tlrtB_24,SMALLRAIN
ID_T9GkM_24,SMALLRAIN
ID_CgeKX_24,SMALLRAIN
ID_GxKU2_24,SMALLRAIN
ID_STzV2_24,SMALLRAIN
ID_Dsck1_12,SMALLRAIN
ID_rt2G5_12,SMALLRAIN
ID_ghWXN_24,SMALLRAIN
ID_AMj1O_24,SMALLRAIN
ID_Zf3vU_24,SMALLRAIN
ID_sOm6n_12,SMALLRAIN
ID_AfOJp_12,SMALLRAIN
ID_DWdAi_24,SMALLRAIN
ID_TLBUg_24,SMALLRAIN
ID_CCIt2_24,SMALLRAIN
ID_2hN2F_12,SMALLRAIN
ID_0Jkl4_24,SMALLRAIN
ID_ttGFk_12,SMALLRAIN
ID_KL0VU_24,SMALLRAIN
ID_bdara_24,SMALLRAIN
ID_KvIf2_12,SMALLRAIN
ID_8PqZX_12,SMALLRAIN
ID_5gBID_24,SMALLRAIN
ID_2aJg8_24,SMALLRAIN
ID_TA7Xr_12,SMALLRAIN
ID_2i51X_24,SMALLRAIN
ID_ag3EJ_24,SMALLRAIN
ID_eJIBZ_24,SMALLRAIN
ID_aOQ3f_24,SMALLRAIN
ID_EAWJ1_12,SMALLRAIN
ID_jaqAJ_24,SMALLRAIN
ID_ExJHB_24,SMALLRAIN
ID_tuF2U_12,SMALLRAIN
ID_xL8JR_12,SMALLRAIN
ID_rjyvr_12,SMALLRAIN
ID_xKRlo_12,SMALLRAIN
ID_Vsp6E_24,SMALLRAIN
ID_8aiAA_24,SMALLRAIN
ID_Tg5JX_12,SMALLRAIN
